	weight	source	target
1458	67	#org13	#per504
1332	64	#per14	#per21
1264	61	#per1	#per504
983	58	#org29	#per112
720	57	#per14	#per504
606	54	#org29	#per489
2127	54	#per112	#per489
532	47	#org22	#per21
503	42	#per1	#per14
762	39	#per504	#per564
615	37	#org37	#per504
152	37	#org70	#per504
1071	35	#org22	#per14
2183	35	#org24	#per504
1560	33	#org110	#per504
161	32	#org12	#per504
812	32	#per1	#per21
1256	31	#org0	#per14
231	31	#org29	#per14
519	31	#org18	#per504
1095	29	#per504	#pla3
133	27	#per483	#per504
74	27	#org12	#org18
1970	26	#org12	#org70
1831	26	#org18	#org70
2110	25	#org0	#per504
75	25	#per21	#per512
631	25	#per112	#per14
1470	24	#per14	#per489
1200	24	#org37	#per14
706	23	#org37	#per21
941	22	#org3	#per1
2153	22	#per563	#per564
335	22	#per504	#per563
574	22	#per504	#per558
1334	21	#per17	#per21
524	21	#org70	#per14
129	21	#org22	#per1
802	20	#org29	#org70
1101	20	#org70	#per489
2179	20	#org3	#per14
355	20	#org0	#per21
1251	19	#org110	#org37
1870	19	#org13	#per1
1241	19	#org70	#per112
1055	17	#org29	#per26
1555	17	#org18	#per14
1111	17	#per504	#per526
1239	17	#org118	#per504
1985	16	#per112	#per26
658	16	#per26	#per489
1651	16	#per504	#per566
233	15	#org37	#per1
102	15	#org16	#per14
753	14	#org4	#per14
577	14	#org16	#per504
1674	14	#org3	#per21
833	14	#org12	#per14
1027	13	#org29	#per48
1702	13	#org0	#org22
1998	13	#org25	#per504
1923	13	#per21	#per48
1158	13	#per14	#per17
883	12	#org18	#per21
202	12	#org13	#per14
489	12	#org8	#per14
1230	12	#per17	#per504
691	12	#per112	#pla5
1808	12	#per14	#per512
81	12	#per14	#per35
1297	12	#per504	#wor1
2190	12	#per21	#per25
2079	12	#per14	#per26
1404	12	#org12	#per112
1124	12	#per489	#pla5
246	12	#org13	#pla3
724	12	#org29	#pla5
470	12	#org18	#per1
804	12	#org24	#per566
699	12	#per1	#per17
1151	11	#org12	#per48
185	11	#org16	#org37
555	11	#org37	#per17
683	11	#org13	#org16
1172	11	#org4	#per21
296	11	#per504	#pla80
1663	11	#per112	#per48
481	11	#org70	#per26
333	11	#org4	#per512
1411	11	#org110	#per14
2041	10	#org0	#per35
968	10	#org100	#per504
1628	10	#per14	#pla3
217	10	#org8	#per504
986	10	#per14	#pla18
791	10	#org13	#per564
1823	10	#per1	#pla3
1731	10	#org37	#per23
1814	10	#per21	#per35
824	10	#org0	#per1
1563	10	#org0	#org13
2019	9	#org14	#per504
1437	9	#org13	#per563
1026	9	#per1	#per564
1863	9	#org22	#org3
1062	9	#org12	#per21
1798	9	#per1	#pla4
502	9	#org0	#org118
2117	9	#org70	#per1
2085	9	#org24	#per21
274	9	#org13	#org37
1988	9	#per14	#pla4
242	9	#per504	#pla30
484	9	#per112	#per21
218	9	#org13	#wor1
1597	9	#per1	#per507
2126	8	#org29	#org88
915	8	#per558	#per561
1583	8	#org88	#per489
1779	8	#org118	#per1
792	8	#org29	#org3
1099	8	#org3	#pla3
153	8	#org37	#pla171
1856	8	#org88	#per112
90	8	#org37	#per483
964	8	#org29	#per504
1739	8	#org3	#per17
428	8	#org16	#per1
1195	8	#per21	#pla18
1709	8	#per42	#per504
684	8	#org0	#org123
1130	8	#per42	#per563
1477	8	#org3	#per48
73	8	#org22	#per35
1891	8	#per14	#per2
465	7	#org70	#pla4
900	7	#per2	#per489
789	7	#org18	#per35
1637	7	#per14	#per483
378	7	#org12	#pla3
84	7	#org37	#pla3
1001	7	#org119	#per28
978	7	#org110	#per483
935	7	#per558	#per559
985	7	#per21	#pla152
1501	7	#org110	#per1
2048	7	#org22	#per48
394	7	#org24	#org4
1285	7	#per14	#pla41
998	7	#per1	#per489
943	7	#org29	#pla30
200	7	#org29	#per2
669	7	#per112	#per2
767	7	#per504	#pla41
1839	7	#org29	#per1
1849	7	#org0	#org37
582	7	#org29	#org4
332	7	#per14	#per48
642	7	#per14	#wor1
1854	7	#org118	#org13
1085	7	#org12	#per1
1153	7	#org0	#org70
1110	7	#org22	#per504
1972	7	#per14	#pla19
1088	7	#org0	#org8
1086	7	#org0	#org29
895	6	#per504	#per507
317	6	#org29	#per486
1109	6	#per504	#pla62
389	6	#per112	#per4
1339	6	#org37	#per526
154	6	#org13	#per558
1847	6	#per1	#per483
2032	6	#org22	#per17
1288	6	#per4	#per489
1840	6	#org0	#org18
1043	6	#per564	#pla3
766	6	#org0	#wor1
2177	6	#org24	#per556
605	6	#org2	#org37
1536	6	#org22	#per480
1000	6	#per21	#per505
158	6	#org29	#per4
796	6	#per1	#per35
7	6	#per14	#per564
1395	6	#org24	#per512
1143	6	#org3	#org37
1489	6	#org110	#org13
1875	6	#org120	#per504
1067	6	#per14	#per23
2002	6	#per1	#pla8
1883	6	#per21	#per480
1434	6	#per1	#per26
273	6	#org12	#per25
1950	6	#per21	#pla3
990	6	#per1	#per112
1327	6	#org22	#org29
988	6	#org70	#org8
1612	6	#org0	#pla18
1916	6	#org70	#per35
1180	6	#org13	#pla30
1092	6	#org100	#org13
2171	5	#org22	#org25
53	5	#per112	#per25
2076	5	#per48	#per486
1008	5	#per1	#per48
1657	5	#org70	#pla5
1973	5	#org0	#per17
779	5	#org22	#org8
508	5	#per504	#pla171
2176	5	#per483	#pla171
76	5	#org13	#pla80
120	5	#org8	#per21
430	5	#org25	#org70
1542	5	#pla18	#pla41
426	5	#org100	#per526
680	5	#org22	#per112
116	5	#org0	#per112
49	5	#org2	#per21
338	5	#per104	#per112
1091	5	#org0	#pla41
1635	5	#org12	#org22
264	5	#org22	#pla4
520	5	#org29	#per104
1703	5	#per104	#per489
103	5	#org22	#pla30
776	5	#org18	#pla3
2059	5	#org12	#org25
2106	5	#pla190	#pla191
1024	5	#per504	#pla4
1440	5	#per25	#per48
353	5	#org70	#per17
723	5	#org118	#per14
1491	5	#org13	#org25
54	5	#org0	#per543
123	5	#org120	#per483
191	5	#org29	#wor1
1209	5	#per14	#per505
2140	5	#org12	#pla4
46	5	#org110	#per17
369	5	#per1	#wor1
1287	5	#org0	#per480
1315	5	#org0	#org12
965	5	#per25	#per483
2120	5	#org37	#pla2
856	5	#org8	#per1
1791	5	#per1	#pla41
1723	5	#per112	#pla4
1270	5	#org110	#pla3
486	5	#per504	#per559
889	5	#per1	#per18
1145	5	#org4	#per112
714	5	#org29	#org5
578	5	#org88	#per4
1623	5	#org18	#org3
1500	5	#per563	#pla3
1725	5	#org4	#per489
1714	5	#per14	#pla5
205	5	#org24	#per526
2160	5	#per1	#pla80
565	5	#per21	#pla4
1842	5	#per14	#per480
381	5	#org29	#per21
2167	5	#org37	#org8
1775	5	#org3	#per504
1750	5	#org12	#per35
212	5	#org110	#org16
2163	5	#org18	#org22
1525	5	#org0	#per544
2131	5	#per504	#pla178
837	5	#per35	#per504
39	5	#org0	#org100
696	4	#org70	#pla176
1134	4	#org12	#org13
527	4	#per17	#pla3
770	4	#org123	#per544
1402	4	#per112	#pla18
456	4	#org0	#pla3
966	4	#org29	#pla4
1279	4	#per504	#pla24
702	4	#org12	#org29
534	4	#org13	#pla190
1384	4	#pla30	#wor1
725	4	#org3	#pla18
1967	4	#per112	#pla176
244	4	#org78	#per489
974	4	#org15	#per21
722	4	#per489	#pla18
1263	4	#per1	#per512
1116	4	#org29	#org8
1707	4	#org8	#per112
137	4	#org3	#per483
1273	4	#org2	#per14
2062	4	#per1	#per28
452	4	#per489	#pla176
1902	4	#per25	#pla3
1609	4	#org0	#per482
448	4	#org3	#pla41
1894	4	#org0	#per19
1735	4	#per504	#pla199
2129	4	#org8	#per489
36	4	#org25	#per17
1789	4	#org13	#per21
1820	4	#org78	#per112
2036	4	#org13	#per483
879	4	#org5	#per14
787	4	#org13	#per42
1342	4	#org12	#org8
2014	4	#per504	#pla214
579	4	#org8	#wor1
645	4	#org88	#pla5
2147	4	#org29	#org78
666	4	#per1	#pla18
2081	4	#org18	#per17
1755	4	#per112	#pla30
1673	4	#per483	#pla3
71	4	#per14	#per28
1072	4	#org29	#pla176
999	4	#org16	#org70
438	4	#per504	#per560
232	4	#org0	#per489
1258	4	#per18	#per504
847	4	#org0	#pla200
2026	4	#per504	#per556
1054	4	#org70	#per21
1225	4	#org25	#pla3
72	4	#org100	#per1
1851	4	#pla191	#pla192
23	4	#per504	#pla63
2072	4	#org13	#pla200
785	4	#per26	#per504
433	4	#org37	#pla24
1223	4	#org24	#per14
1533	4	#org0	#org3
1678	4	#org15	#org6
1677	4	#org13	#org24
1246	4	#per42	#per564
77	4	#pla2	#pla3
2178	3	#org4	#pla152
2054	3	#org24	#org29
83	3	#per1	#pla2
862	3	#org3	#per486
2191	3	#org37	#pla152
5	3	#per2	#per4
855	3	#pla2	#pla51
2144	3	#per512	#pla152
894	3	#org2	#per504
2168	3	#per112	#pla159
2158	3	#per504	#pla2
914	3	#per48	#pla3
916	3	#per525	#per526
2146	3	#org0	#org16
2139	3	#per511	#per512
1014	3	#org6	#per1
1009	3	#org13	#pla191
1922	3	#pla3	#pla80
168	3	#per17	#per19
703	3	#per21	#pla30
1282	3	#org22	#pla18
734	3	#org13	#per537
2134	3	#per18	#per21
1982	3	#org24	#pla
134	3	#per504	#per527
1977	3	#org4	#pla18
136	3	#pla3	#pla51
1971	3	#org14	#per1
1093	3	#pla3	#pla30
1100	3	#org16	#per483
145	3	#org29	#org65
1960	3	#per563	#pla24
1102	3	#org8	#per564
1938	3	#per21	#pla41
1932	3	#org22	#org24
813	3	#org37	#per525
413	3	#org65	#per112
952	3	#org13	#per529
962	3	#per104	#pla5
193	3	#org16	#per21
628	3	#org18	#org8
187	3	#org29	#pla84
1253	3	#org5	#per489
221	3	#per17	#per489
1268	3	#org29	#per495
659	3	#org37	#org4
198	3	#per1	#per20
1859	3	#org8	#per483
1281	3	#per21	#per484
207	3	#org25	#per19
611	3	#org6	#per504
1222	3	#org3	#pla51
1226	3	#org29	#pla159
1159	3	#org22	#pla3
229	3	#org4	#per504
1184	3	#per14	#per25
1254	3	#org29	#per3
992	3	#org13	#org70
44	3	#per489	#pla84
971	3	#per3	#per4
56	3	#org37	#pla191
2095	3	#per17	#per28
2090	3	#per543	#per544
2089	3	#per1	#per526
783	3	#org37	#per18
1908	3	#org13	#pla63
2075	3	#per112	#pla84
2070	3	#org8	#per23
781	3	#per504	#pla215
1142	3	#org37	#per512
1047	3	#per2	#per3
1861	3	#org0	#org5
1061	3	#org18	#per18
2063	3	#org22	#per564
2016	3	#org24	#pla24
427	3	#org16	#per23
1359	3	#org2	#org29
324	3	#per489	#per495
1507	3	#per558	#pla30
1416	3	#per112	#per495
1376	3	#per504	#pla212
372	3	#org37	#pla51
1617	3	#per504	#pla210
1380	3	#org70	#wor1
321	3	#org110	#org14
1671	3	#org88	#per104
1382	3	#per563	#per565
462	3	#per482	#per544
1620	3	#org100	#org14
1386	3	#per564	#per565
1719	3	#org16	#pla3
1413	3	#org25	#pla4
454	3	#per14	#per558
318	3	#per14	#per566
1549	3	#per1	#pla19
1039	3	#per17	#per505
415	3	#per1	#pla51
1544	3	#per25	#per504
346	3	#per504	#pla19
1649	3	#per532	#per533
1307	3	#per26	#wor1
499	3	#org37	#per26
1647	3	#org16	#per564
1646	3	#per21	#per23
408	3	#org0	#org25
416	3	#org25	#per112
1783	3	#org65	#per489
1301	3	#per489	#pla30
1553	3	#per25	#pla30
590	3	#org118	#pla41
1715	3	#per14	#per4
1641	3	#org29	#pla18
1708	3	#org78	#per14
1430	3	#per19	#per504
1352	3	#org0	#per48
287	3	#org115	#org13
1655	3	#org37	#pla18
1097	3	#per489	#pla159
2000	3	#org110	#pla171
1076	3	#per21	#per511
2046	3	#org4	#org70
1016	3	#per526	#per527
1019	3	#org3	#pla4
760	3	#org25	#per48
758	3	#org18	#wor1
2025	3	#org24	#org70
1038	3	#org12	#per564
294	3	#org3	#pla2
105	3	#per489	#wor1
1692	3	#org123	#per482
2024	3	#per3	#per489
1685	3	#org70	#pla3
1588	3	#org3	#per18
1431	3	#per112	#per3
289	3	#org8	#per26
1672	3	#per545	#per546
293	3	#org110	#wor1
266	3	#per48	#pla4
576	3	#org2	#org7
288	3	#org18	#pla4
1436	3	#org37	#pla14
1524	3	#per504	#per537
569	3	#org13	#per559
1601	3	#per21	#pla8
279	3	#org8	#pla18
1333	3	#org13	#pla41
447	3	#org5	#per112
2115	2	#per504	#per520
2119	2	#org0	#pla30
2121	2	#org100	#per14
1654	2	#org14	#org6
1943	2	#org13	#per507
2130	2	#per133	#per489
1825	2	#org14	#per14
1939	2	#org27	#per504
351	2	#per112	#wor1
1827	2	#org5	#org8
34	2	#per21	#pla164
1642	2	#per14	#pla84
225	2	#pla3	#pla41
1660	2	#per1	#per50
299	2	#per558	#pla3
114	2	#per17	#pla41
2029	2	#per21	#pla2
2015	2	#org4	#wor1
234	2	#org13	#org29
272	2	#org100	#pla200
303	2	#per21	#pla179
2001	2	#org100	#org16
2028	2	#org27	#org37
262	2	#org37	#pla173
1955	2	#org37	#pla41
100	2	#org18	#pla164
1734	2	#org0	#per529
99	2	#org100	#org25
1999	2	#per17	#pla51
223	2	#org110	#pla190
248	2	#per14	#per484
1930	2	#org13	#per556
1666	2	#org22	#wor1
1801	2	#org27	#pla80
47	2	#org119	#per14
1765	2	#org100	#org12
1058	2	#pla197	#pla198
507	2	#pla2	#pla41
746	2	#org123	#per543
1049	2	#per489	#pla174
1349	2	#org100	#per537
1348	2	#org22	#tim2
1041	2	#per26	#pla5
756	2	#per1	#per520
564	2	#org29	#per17
607	2	#per539	#pla62
867	2	#org118	#pla190
239	2	#org3	#pla30
1810	2	#per17	#per512
48	2	#org100	#pla3
343	2	#pla62	#pla63
1946	2	#org15	#pla30
1811	2	#per17	#per483
337	2	#org12	#pla30
1675	2	#org100	#per529
2098	2	#org4	#per511
43	2	#per504	#pla
1682	2	#per4	#pla5
151	2	#org100	#per21
1686	2	#per26	#per564
2094	2	#org37	#pla62
1804	2	#org88	#per2
1803	2	#per511	#pla152
1689	2	#org37	#pla215
342	2	#org118	#pla211
1768	2	#pla18	#pla3
1565	2	#org18	#per26
275	2	#org104	#per14
183	2	#org13	#pla62
2180	2	#per25	#per482
1911	2	#per512	#pla24
1910	2	#org0	#pla62
1878	2	#org22	#pla15
208	2	#per560	#wor1
206	2	#org29	#per560
397	2	#org12	#wor1
396	2	#org65	#org70
1872	2	#org70	#pla30
2174	2	#org16	#per26
184	2	#org13	#pla199
1589	2	#per14	#pla30
2173	2	#org13	#org4
1594	2	#org37	#per10
2188	2	#org2	#org4
2159	2	#per14	#pla174
1857	2	#per504	#pla190
1845	2	#org22	#per39
1848	2	#org88	#per3
1926	2	#org22	#per50
28	2	#pla24	#pla3
196	2	#org25	#per1
363	2	#pla214	#pla3
1886	2	#per504	#pla209
190	2	#per504	#pla211
1629	2	#pla171	#pla33
1841	2	#org29	#per0
29	2	#per566	#pla213
1885	2	#per2	#per21
1190	2	#org118	#pla191
1903	2	#org0	#per512
1881	2	#org24	#org37
1753	2	#org16	#org8
1969	2	#org25	#org37
1761	2	#per10	#per14
95	2	#per48	#per482
1727	2	#per489	#pla4
326	2	#pla2	#pla7
254	2	#org25	#org5
325	2	#org22	#per486
1958	2	#per553	#pla3
1796	2	#org18	#per480
251	2	#org13	#per512
1701	2	#per504	#pla8
315	2	#org16	#pla4
314	2	#per14	#per560
2053	2	#org119	#per19
128	2	#per10	#per21
311	2	#per14	#tim2
375	2	#org118	#org37
310	2	#per112	#per482
2051	2	#per14	#per3
1979	2	#per20	#per21
132	2	#org13	#org22
91	2	#per19	#per28
1837	2	#pla171	#pla182
2009	2	#org25	#org29
360	2	#org15	#per25
2148	2	#org8	#pla3
1882	2	#org70	#per18
2151	2	#per14	#per50
1613	2	#org13	#pla171
404	2	#per1	#per101
391	2	#per21	#per510
1060	2	#org65	#per26
910	2	#per112	#per17
1065	2	#org24	#pla152
896	2	#pla173	#pla178
424	2	#org8	#pla171
890	2	#pla200	#pla209
613	2	#org4	#per566
1545	2	#org16	#pla2
1546	2	#org29	#pla174
1548	2	#org24	#per48
444	2	#org0	#per483
888	2	#per1	#pla171
1550	2	#per21	#tim2
1551	2	#per483	#pla41
1276	2	#org3	#org4
884	2	#per28	#pla24
599	2	#per564	#pla80
866	2	#org118	#org70
620	2	#per489	#pla78
906	2	#org18	#per564
902	2	#org29	#per558
846	2	#per14	#per20
476	2	#org13	#per527
440	2	#org100	#org24
588	2	#per104	#per133
923	2	#org70	#per19
437	2	#org118	#org122
922	2	#per21	#pla15
1255	2	#org18	#org37
1261	2	#pla171	#pla191
1528	2	#per17	#per48
912	2	#org24	#pla30
868	2	#org22	#pla41
594	2	#org25	#per21
891	2	#per26	#pla176
425	2	#org37	#pla22
1547	2	#org14	#org37
826	2	#org14	#per526
1068	2	#per20	#per504
1324	2	#org12	#per482
1504	2	#org29	#per133
803	2	#per546	#pla63
1502	2	#org110	#per526
958	2	#per14	#per528
806	2	#per21	#per485
1319	2	#per17	#per484
1249	2	#org70	#per2
1509	2	#org29	#org7
1511	2	#org24	#pla3
947	2	#org0	#org4
1245	2	#pla171	#pla190
473	2	#org13	#pla209
1224	2	#org29	#pla78
471	2	#org70	#pla84
969	2	#org24	#per10
629	2	#pla30	#pla63
798	2	#org8	#per481
795	2	#org13	#per10
457	2	#org110	#per525
1325	2	#per504	#per553
979	2	#org37	#per28
793	2	#per14	#pla8
1238	2	#org37	#pla192
635	2	#org13	#per489
637	2	#per546	#pla200
1495	2	#per112	#pla174
1377	2	#org100	#org22
907	2	#org17	#per14
464	2	#per17	#per480
829	2	#org4	#org5
764	2	#org27	#pla3
1127	2	#org8	#pla41
1126	2	#org5	#pla18
1401	2	#org4	#per26
1369	2	#per527	#pla192
514	2	#per10	#per504
1426	2	#per504	#per561
1469	2	#org16	#per17
1340	2	#per504	#pla191
1193	2	#org4	#pla176
663	2	#org0	#pla63
494	2	#org88	#per14
493	2	#per484	#per485
490	2	#org12	#per18
1033	2	#per529	#pla200
655	2	#per17	#per20
1371	2	#per504	#per528
1459	2	#per112	#pla78
568	2	#org78	#per2
773	2	#pla200	#pla63
653	2	#per543	#pla63
643	2	#org4	#pla3
1378	2	#org110	#org8
780	2	#per0	#pla30
1344	2	#pla171	#pla3
1191	2	#org3	#per512
1345	2	#per527	#pla63
506	2	#per512	#pla2
1186	2	#org37	#wor1
480	2	#per23	#per25
739	2	#org13	#per526
1370	2	#per1	#pla30
1078	2	#org102	#per504
1137	2	#per17	#per18
1087	2	#org13	#per561
1003	2	#per26	#pla159
1138	2	#org37	#org70
678	2	#org104	#per1
717	2	#per14	#pla176
1408	2	#org4	#pla159
719	2	#per112	#per133
1162	2	#per17	#pla18
1165	2	#org37	#pla190
1409	2	#per39	#pla30
1356	2	#per14	#pla78
513	2	#per489	#pla171
1355	2	#org25	#per14
1354	2	#org100	#pla4
1182	2	#per558	#per563
685	2	#per527	#pla199
1080	2	#pla3	#pla62
544	2	#per17	#pla2
1156	2	#pla14	#pla173
516	2	#org22	#per2
1144	2	#per21	#per26
1150	2	#per558	#wor1
1381	2	#org0	#per23
1152	2	#org22	#per26
542	2	#per14	#pla2
1125	2	#org13	#per26
708	2	#org100	#org70
709	2	#org5	#org70
1114	2	#per504	#pla173
1423	2	#org0	#org110
50	1	#per512	#pla7
58	1	#org13	#per534
797	1	#per526	#pla206
52	1	#org13	#pla184
55	1	#per527	#per546
799	1	#per492	#pla171
794	1	#per17	#pla8
57	1	#org115	#org25
790	1	#per512	#pla41
86	1	#per504	#pla153
59	1	#org545	#org546
60	1	#org22	#per507
51	1	#per528	#pla61
40	1	#per517	#pla171
87	1	#per489	#pla73
104	1	#org5	#pla176
107	1	#org18	#wor6
786	1	#per553	#pla2
106	1	#per21	#wor1
800	1	#org111	#per1
78	1	#per532	#pla14
45	1	#per17	#pla183
801	1	#org0	#per564
67	1	#per104	#per14
755	1	#per566	#pla566
784	1	#org11o	#per21
63	1	#per517	#per518
68	1	#per17	#per492
70	1	#per506	#pla3
79	1	#per23	#per30
782	1	#org103	#org29
80	1	#org0	#per18
82	1	#pla159	#pla176
85	1	#org2	#per564
69	1	#pla18	#tim1
778	1	#org12	#pla84
62	1	#org526	#per483
61	1	#pla47	#pla63
41	1	#org25	#pla30
42	1	#per20	#per484
108	1	#per35	#pla73
769	1	#org2	#per26
109	1	#org7	#pla30
38	1	#pla192	#pla200
768	1	#org118	#pla182
94	1	#pla171	#pla192
96	1	#pla224	#pla226
97	1	#org70	#pla36
98	1	#org123	#per545
673	1	#per25	#per29
763	1	#org18	#pla84
113	1	#per537	#per538
37	1	#org2	#per17
101	1	#per504	#pla37
11	1	#org37	#pla200
12	1	#per527	#per550
850	1	#per17	#pla198
849	1	#per518	#pla171
848	1	#org13	#pla182
13	1	#pla176	#pla18
65	1	#pla182	#pla183
14	1	#per25	#per31
93	1	#per527	#pla209
92	1	#pla166	#pla213
754	1	#per26	#pla30
112	1	#org101	#per14
757	1	#per48	#per488
752	1	#per110	#per477
751	1	#pla194	#pla195
111	1	#per17	#per491
750	1	#per504	#pla33
749	1	#pla186	#pla3
748	1	#org118	#per526
747	1	#per544	#per545
110	1	#per545	#pla63
771	1	#per504	#per505
777	1	#per504	#per551
759	1	#pla160	#pla233
761	1	#per512	#pla8
775	1	#per494	#pla171
774	1	#per1	#per508
88	1	#per110	#per22
89	1	#per35	#wor1
772	1	#pla168	#pla169
66	1	#per14	#pla173
313	1	#pla210	#pla212
788	1	#org70	#pla173
541	1	#org5	#pla3
529	1	#org13	#per17
530	1	#per1	#pla33
304	1	#per28	#per504
305	1	#org12	#per95
543	1	#org16	#per10
306	1	#org16	#pla41
307	1	#per104	#per4
308	1	#pla18	#pla30
328	1	#per549	#pla200
15	1	#org122	#per526
540	1	#per486	#per487
538	1	#per110	#per28
537	1	#org50	#per128
536	1	#pla18	#pla4
535	1	#org8	#pla19
309	1	#org27	#pla152
533	1	#per14	#pla82
531	1	#org100	#per112
312	1	#org100	#per507
515	1	#per504	#per546
64	1	#per524	#pla191
316	1	#per554	#pla182
398	1	#per504	#pla70
388	1	#per532	#per534
301	1	#org13	#pla192
356	1	#org0	#per553
475	1	#per21	#per4
528	1	#per31	#per477
526	1	#per21	#pla24
525	1	#per21	#per39
319	1	#org110	#org526
327	1	#org8	#per519
320	1	#org16	#per507
523	1	#per504	#pla84
322	1	#org17	#pla61
522	1	#per527	#pla200
521	1	#org29	#per39
323	1	#pla3	#pla7
518	1	#org70	#pla7
517	1	#org37	#per493
539	1	#per517	#pla33
474	1	#org12	#pla176
329	1	#org	#per112
341	1	#per491	#per494
331	1	#org115	#per504
509	1	#org37	#per553
334	1	#org102	#org24
336	1	#org0	#per524
339	1	#per101	#per35
330	1	#per504	#per562
505	1	#pla167	#pla33
504	1	#org116	#per14
501	1	#per514	#pla41
512	1	#org101	#per1
500	1	#org37	#per48
498	1	#org8	#per558
497	1	#per2	#pla82
496	1	#org5	#pla30
340	1	#per543	#pla62
194	1	#org0	#pla171
646	1	#org100	#org3
192	1	#org78	#per3
510	1	#per26	#per497
511	1	#pla41	#pla51
495	1	#pla166	#pla82
344	1	#per13	#per21
345	1	#org12	#per17
488	1	#org29	#per25
347	1	#per26	#per496
487	1	#per23	#per504
348	1	#org	#org70
485	1	#per0	#per489
349	1	#per555	#wor1
483	1	#per546	#per550
482	1	#org115	#pla5
350	1	#org16	#pla181
479	1	#per504	#per523
352	1	#org3	#per485
354	1	#per525	#pla171
478	1	#org120	#per14
477	1	#per10	#pla2
491	1	#per533	#pla47
492	1	#per546	#per547
851	1	#org18	#per560
27	1	#per2	#pla78
845	1	#per504	#pla245
712	1	#per478	#per479
160	1	#org12	#per541
170	1	#per14	#per523
159	1	#per50	#pla4
698	1	#per1	#per10
710	1	#per28	#pla19
711	1	#per504	#per95
171	1	#org13	#pla5
172	1	#per524	#per544
173	1	#pla	#pla178
169	1	#per507	#per508
174	1	#org110	#pla191
697	1	#org78	#pla78
713	1	#org117	#per14
175	1	#org22	#pla8
157	1	#org118	#pla192
156	1	#org18	#pla18
726	1	#org103	#pla62
139	1	#per504	#per557
700	1	#org16	#org29
162	1	#oef22	#wor1
182	1	#per10	#per559
716	1	#org4	#per10
146	1	#pla172	#pla47
144	1	#pla233	#pla234
143	1	#per21	#per51
687	1	#org37	#pla178
142	1	#per544	#pla62
141	1	#per110	#per29
140	1	#org37	#pla153
690	1	#org37	#per35
695	1	#org18	#pla176
163	1	#org13	#pla33
715	1	#org100	#pla214
701	1	#per19	#pla41
166	1	#per1	#per2
704	1	#per10	#pla22
705	1	#pla191	#pla3
165	1	#org37	#pla227
164	1	#per21	#pla
707	1	#per501	#pla69
688	1	#org4	#pla81
727	1	#per566	#pla233
122	1	#per1	#per509
117	1	#org25	#per561
118	1	#per156	#per489
744	1	#per492	#per493
115	1	#pla173	#pla3
675	1	#org37	#per540
135	1	#org110	#pla63
731	1	#org50	#per522
728	1	#org8	#per518
729	1	#org37	#per533
138	1	#org24	#org7
743	1	#org16	#pla171
686	1	#org12	#per483
131	1	#per504	#pla213
674	1	#org27	#per21
130	1	#org3	#tim17
730	1	#org113	#pla2
677	1	#per17	#pla63
676	1	#org101	#per21
1330	1	#pla14	#pla199
121	1	#org115	#org14
732	1	#org	#per489
681	1	#per21	#per509
189	1	#org27	#pla171
742	1	#per1	#per558
186	1	#org37	#per558
127	1	#per546	#pla192
682	1	#pla176	#pla5
126	1	#pla173	#pla47
735	1	#org120	#org13
125	1	#org103	#org70
733	1	#org70	#org95
736	1	#org13	#prg100
119	1	#pla173	#pla231
679	1	#pla202	#pla204
741	1	#per512	#pla
737	1	#per19	#wor1
740	1	#org70	#pla159
738	1	#per14	#per156
188	1	#org70	#per495
124	1	#per21	#per477
167	1	#per101	#pla164
147	1	#per551	#pla30
844	1	#per18	#per512
30	1	#per25	#per39
8	1	#per533	#pla215
854	1	#org37	#per484
853	1	#org3	#per35
3	1	#per25	#per477
805	1	#pla186	#pla188
840	1	#org0	#per546
21	1	#org37	#per517
819	1	#pla33	#pla63
818	1	#oef22	#per14
4	1	#org104	#per504
31	1	#pla166	#pla63
817	1	#per548	#per550
816	1	#org37	#per491
815	1	#org0	#per560
820	1	#per489	#pla134
32	1	#pla51	#pla61
33	1	#per533	#pla213
811	1	#per558	#per560
6	1	#per149	#per489
857	1	#org110	#per10
689	1	#per25	#pla186
9	1	#org16	#org25
17	1	#pla202	#pla206
18	1	#org11	#per11
843	1	#org15	#per1
842	1	#per14	#per503
841	1	#org112	#pla2
16	1	#org37	#per528
19	1	#per21	#per515
852	1	#per489	#per501
1	1	#per21	#tim6
858	1	#per23	#per32
865	1	#org18	#pla7
864	1	#org100	#per563
863	1	#per564	#pla8
2	1	#org22	#per4
861	1	#org3	#per101
860	1	#per1	#per4
10	1	#per519	#pla171
859	1	#pla221	#pla222
35	1	#per544	#per546
810	1	#org8	#pla176
809	1	#org0	#per2
693	1	#org13	#pla215
745	1	#org37	#per561
765	1	#per48	#pla80
414	1	#per513	#pla41
155	1	#per42	#per566
176	1	#org115	#pla33
177	1	#per14	#per522
178	1	#org25	#pla2
179	1	#pla165	#pla166
150	1	#pla2	#pla63
808	1	#per10	#pla24
149	1	#per22	#per23
692	1	#org29	#pla134
180	1	#per112	#pla134
718	1	#per564	#pla24
181	1	#pla173	#pla229
694	1	#per14	#pla
148	1	#org24	#pla214
721	1	#per504	#pla233
832	1	#org104	#per21
825	1	#org17	#pla3
827	1	#org37	#per489
828	1	#per22	#per31
807	1	#org13	#pla
814	1	#pla232	#pla233
20	1	#per112	#per39
821	1	#org100	#org37
823	1	#per504	#per567
22	1	#per559	#per561
839	1	#per549	#per551
838	1	#pla192	#pla193
836	1	#org112	#pla82
835	1	#per17	#per513
24	1	#per482	#pla62
25	1	#org12	#per522
822	1	#org5	#wor1
834	1	#per527	#per551
831	1	#org13	#pla18
830	1	#per21	#per481
26	1	#org0	#per486
395	1	#org15	#per39
0	1	#org11o	#per14
392	1	#per1	#pla189
1192	1	#per545	#pla200
1201	1	#org103	#per112
1199	1	#pla192	#pla63
1198	1	#per532	#pla213
1197	1	#per550	#pla63
1196	1	#org0	#per28
1194	1	#pla168	#pla5
1189	1	#per489	#pla
1147	1	#per28	#per32
1188	1	#per504	#pla187
1187	1	#per1	#per536
1185	1	#org102	#per526
1183	1	#org0	#per25
1181	1	#org2	#org5
1179	1	#per551	#pla200
1202	1	#per14	#pla178
1203	1	#per548	#pla192
1204	1	#org13	#pla173
1205	1	#org102	#per1
1206	1	#pla30	#pla8
1207	1	#org16	#per35
1208	1	#per1	#per563
1210	1	#org13	#pla14
1177	1	#org104	#org22
1175	1	#org37	#pla209
1133	1	#per26	#per4
1174	1	#per10	#per516
1135	1	#per18	#pla4
1136	1	#org0	#pla215
1139	1	#org110	#pla62
1140	1	#org12	#per507
1141	1	#per555	#pla3
1178	1	#per504	#per518
1176	1	#per112	#pla3
1132	1	#per112	#pla108
1051	1	#per26	#pla8
1123	1	#pla216	#pla62
1128	1	#per17	#per493
1083	1	#org24	#per1
1082	1	#org18	#per50
1081	1	#pla173	#pla230
1079	1	#per14	#per521
1037	1	#org113	#pla63
1040	1	#org25	#pla80
1042	1	#per482	#per546
1044	1	#org29	#pla
1045	1	#org18	#per20
1046	1	#org11o	#org2
1048	1	#per10	#per50
1050	1	#pla22	#pla227
1052	1	#org13	#pla166
1131	1	#org18	#pla5
1053	1	#per558	#per562
1056	1	#pla173	#pla33
1057	1	#org29	#per503
1059	1	#org3	#pla19
1063	1	#per504	#per539
1064	1	#org13	#pla8
1066	1	#org70	#per50
1069	1	#per20	#per512
1070	1	#per25	#per28
1073	1	#per1	#pla62
1074	1	#per18	#pla7
1075	1	#per490	#per494
1077	1	#org3	#wor1
1129	1	#org70	#per481
1146	1	#per14	#pla73
1148	1	#org70	#per507
2136	1	#per532	#pla47
945	1	#org12	#pla8
872	1	#per2	#pla41
871	1	#per22	#per27
908	1	#per17	#per553
909	1	#org121	#pla199
911	1	#org14	#pla206
913	1	#per14	#per535
944	1	#pla33	#pla5
1149	1	#org0	#pla73
942	1	#per559	#pla37
940	1	#per1	#per42
939	1	#org29	#per499
938	1	#per489	#per503
937	1	#per17	#pla197
936	1	#org78	#pla84
873	1	#per526	#pla153
874	1	#org8	#per35
875	1	#per17	#per494
876	1	#pla4	#pla5
877	1	#per483	#pla186
878	1	#per555	#pla178
880	1	#org0	#per558
881	1	#org37	#pla199
882	1	#pla188	#pla189
885	1	#org29	#per556
886	1	#org13	#per553
887	1	#per504	#pla229
892	1	#per1	#pla178
893	1	#org37	#org526
897	1	#per2	#per26
898	1	#org14	#per541
899	1	#org22	#per558
934	1	#org37	#pla30
933	1	#org22	#org7
932	1	#org112	#org113
1036	1	#org24	#pla233
1154	1	#per17	#wor1
1155	1	#per2	#pla
1157	1	#per27	#per477
1160	1	#org0	#tim2
1161	1	#pla173	#pla63
1163	1	#per17	#tim1
1164	1	#per14	#per532
1166	1	#per489	#pla47
1167	1	#org24	#pla2
1168	1	#pla63	#tim17
1169	1	#per510	#pla152
1170	1	#per564	#pla2
1171	1	#pla186	#pla187
1173	1	#per27	#per30
1034	1	#per489	#pla175
1032	1	#per476	#wor5
1527	1	#per504	#pla185
930	1	#org37	#per566
917	1	#per504	#pla244
918	1	#per14	#per486
919	1	#per10	#pla4
920	1	#per548	#per549
921	1	#org8	#tim2
924	1	#per110	#per23
925	1	#per518	#pla33
926	1	#org103	#per489
927	1	#pla176	#pla4
928	1	#per486	#per488
929	1	#org13	#per18
931	1	#org70	#per10
1122	1	#pla168	#pla33
1121	1	#org25	#per558
1120	1	#org29	#org64
1871	1	#per483	#wor1
1880	1	#per555	#pla173
1879	1	#pla108	#pla134
1877	1	#org4	#per42
1876	1	#per491	#per492
1874	1	#per18	#tim17
1873	1	#org37	#per527
1869	1	#pla167	#pla5
1119	1	#per29	#per31
1868	1	#pla	#pla3
1867	1	#org546	#pla62
1866	1	#per505	#per566
1865	1	#org70	#pla
1864	1	#org12	#pla18
1862	1	#per14	#per507
1884	1	#org37	#per515
1887	1	#org37	#per554
1888	1	#per534	#pla166
1889	1	#per527	#per548
1890	1	#per527	#pla210
1892	1	#org3	#per50
1893	1	#per547	#pla200
1895	1	#org12	#org50
1896	1	#org18	#per481
1935	1	#org120	#pla190
1937	1	#per504	#per540
2017	1	#org16	#per112
1980	1	#org13	#pla207
1983	1	#per10	#pla37
1984	1	#per1	#pla212
1986	1	#org110	#org3
1987	1	#per520	#per521
1897	1	#org16	#org2
1936	1	#org14	#pla62
1898	1	#org110	#per519
1913	1	#org0	#pla176
2138	1	#per27	#per28
2141	1	#per14	#pla188
2142	1	#org27	#per17
2021	1	#per539	#wor1
2020	1	#pla173	#wor1
2018	1	#per539	#pla216
1899	1	#org2	#wor1
1901	1	#per493	#per494
1904	1	#per14	#pla80
1905	1	#org16	#pla14
1906	1	#per563	#pla30
1907	1	#per110	#per21
1909	1	#org0	#pla214
1912	1	#org29	#pla108
1914	1	#org70	#tim5
1900	1	#org118	#pla33
1915	1	#per14	#pla245
1917	1	#per489	#pla182
1918	1	#org120	#pla171
1919	1	#pla202	#pla205
1920	1	#org29	#per488
1921	1	#per483	#pla191
1924	1	#org37	#per510
1925	1	#org24	#pla228
1927	1	#per558	#per564
1928	1	#per28	#per505
1929	1	#per507	#wor1
1931	1	#org0	#per10
1933	1	#pla204	#pla205
1934	1	#per554	#pla24
1989	1	#per14	#pla51
1990	1	#pla30	#pla41
1991	1	#per17	#pla4
1090	1	#per50	#pla3
1962	1	#per3	#per50
1963	1	#per1	#pla214
1964	1	#org3	#pla164
1965	1	#per14	#pla47
1966	1	#org0	#org102
1968	1	#pla199	#pla214
1974	1	#org120	#pla41
1975	1	#per28	#per489
1531	1	#per532	#pla166
1529	1	#per489	#pla181
870	1	#per1	#per51
1107	1	#per505	#pla51
1084	1	#per28	#per492
1089	1	#org115	#pla168
1094	1	#pla4	#wor1
1959	1	#per128	#per522
1096	1	#pla176	#wor1
2194	1	#org24	#pla566
1098	1	#per546	#per551
1103	1	#org37	#pla80
1104	1	#org525	#per483
1105	1	#org12	#org24
1106	1	#org100	#per17
1108	1	#org25	#per560
1035	1	#per483	#per519
1112	1	#org13	#org19
1113	1	#org88	#per133
1115	1	#org8	#pla4
1117	1	#pla202	#tim6
1118	1	#pla229	#pla230
1961	1	#org16	#pla51
1957	1	#per489	#per492
1992	1	#pla63	#pla82
2013	1	#per149	#pla134
1993	1	#org100	#pla41
1994	1	#per21	#per482
1995	1	#per550	#per551
1996	1	#org8	#pla33
1997	1	#per26	#per499
2003	1	#per504	#pla61
2004	1	#per546	#per548
2005	1	#org64	#per14
2006	1	#pla185	#pla187
2007	1	#pla181	#pla182
2008	1	#org18	#per522
2010	1	#per504	#pla36
2011	1	#per14	#per42
2012	1	#org100	#org123
1981	1	#pla182	#pla22
1956	1	#org24	#per42
1978	1	#per563	#pla214
1940	1	#per566	#pla23
1976	1	#org64	#per489
1941	1	#org8	#per17
1942	1	#per21	#per50
1944	1	#org123	#per546
1945	1	#org3	#pla170
1947	1	#org104	#per35
1948	1	#per483	#pla80
1949	1	#per1	#per11
1951	1	#per483	#per521
1952	1	#pla160	#pla232
1953	1	#pla14	#pla22
1954	1	#pla230	#pla231
901	1	#per26	#per3
903	1	#per101	#wor1
904	1	#org102	#per14
1278	1	#pla215	#pla3
1290	1	#per48	#per487
1289	1	#per110	#per31
1286	1	#pla62	#tim17
1284	1	#org112	#org114
1283	1	#per28	#per491
1280	1	#per112	#pla82
1277	1	#org100	#pla
1526	1	#per21	#per31
1275	1	#per489	#pla69
1274	1	#org12	#per50
1272	1	#per26	#per498
1271	1	#org115	#per564
1269	1	#pla186	#pla196
1267	1	#per156	#pla174
1291	1	#per556	#per557
1292	1	#org100	#per48
1293	1	#per545	#pla209
1294	1	#per1	#pla70
1295	1	#per48	#pla8
1259	1	#org112	#pla63
1252	1	#org100	#pla206
1298	1	#per565	#prg24
1250	1	#pla192	#pla209
1215	1	#org22	#org37
1216	1	#org525	#org526
1217	1	#org19	#org70
1218	1	#org118	#per538
1219	1	#pla174	#pla82
1220	1	#per489	#per497
1221	1	#org37	#org525
1227	1	#per23	#per26
1266	1	#org115	#org22
1265	1	#per112	#pla69
1262	1	#per504	#per545
1475	1	#per545	#per549
1490	1	#org15	#pla191
1461	1	#per29	#per30
1488	1	#pla198	#pla63
1462	1	#org104	#pla4
1463	1	#org1	#org118
1464	1	#org122	#per504
1465	1	#per35	#pla18
1466	1	#per128	#per14
1467	1	#org16	#per553
1468	1	#org7	#per504
1471	1	#org12	#per481
1472	1	#per10	#pla3
1473	1	#org110	#org120
1474	1	#org29	#pla73
1476	1	#org4	#per515
1260	1	#per504	#pla18
1478	1	#org16	#pla84
1479	1	#org100	#org115
1480	1	#org24	#per505
1481	1	#oef22	#pla3
1482	1	#org0	#per26
1483	1	#per501	#pla73
1484	1	#oef22	#org13
1485	1	#org115	#per563
1486	1	#org546	#per546
1487	1	#per561	#wor1
1387	1	#org19	#per504
1385	1	#per128	#per523
1383	1	#org16	#pla173
1257	1	#per21	#per30
1228	1	#per10	#per518
1229	1	#org37	#per532
1231	1	#org2	#org70
1309	1	#per503	#pla84
1372	1	#per504	#per521
1373	1	#org95	#per481
1374	1	#org118	#pla63
1375	1	#org29	#per497
1337	1	#per26	#pla2
1335	1	#per22	#per28
1300	1	#pla222	#pla223
1331	1	#per561	#pla30
1302	1	#org525	#per504
1303	1	#per561	#pla41
1304	1	#pla152	#pla179
1305	1	#pla199	#pla63
1306	1	#org25	#per564
1308	1	#per35	#wor6
1310	1	#per547	#per551
1367	1	#per504	#per555
1311	1	#per516	#pla23
1312	1	#per17	#per514
1313	1	#org37	#pla
1314	1	#org115	#pla3
1316	1	#pla244	#pla245
1317	1	#org1	#per1
1318	1	#pla	#pla173
1320	1	#pla233	#pla236
1321	1	#org24	#per17
1322	1	#per28	#pla81
1323	1	#pla3	#wor1
1326	1	#pla3	#pla81
1328	1	#per490	#per491
1329	1	#per112	#per504
1368	1	#pla18	#wor1
1366	1	#per17	#per25
1232	1	#org545	#per546
1336	1	#per489	#per504
1233	1	#pla199	#pla206
1234	1	#pla3	#prg100
1235	1	#org119	#pla3
1236	1	#per542	#pla63
1237	1	#per483	#pla
1240	1	#org13	#pla169
1242	1	#org37	#pla245
1243	1	#per30	#per477
1244	1	#per0	#per26
1247	1	#per490	#per492
1248	1	#org0	#org103
1296	1	#per25	#pla185
1299	1	#org25	#per42
1379	1	#org16	#per50
1338	1	#org110	#org12
1365	1	#org110	#pla173
1341	1	#per547	#per550
1343	1	#per547	#pla209
1346	1	#per548	#pla209
1347	1	#org24	#pla213
1350	1	#per21	#per28
1351	1	#per2	#pla5
1353	1	#org101	#org22
1357	1	#org545	#pla62
1358	1	#per17	#per490
1360	1	#per558	#pla41
1361	1	#org78	#pla
1362	1	#org24	#pla173
1363	1	#org29	#per156
1364	1	#org118	#wor1
1493	1	#per25	#pla184
1523	1	#per530	#per531
905	1	#per483	#per517
967	1	#org64	#pla174
977	1	#org64	#per112
976	1	#pla171	#pla178
975	1	#org110	#per517
973	1	#pla178	#wor1
972	1	#per566	#pla214
970	1	#org27	#pla179
963	1	#org25	#pla70
1522	1	#per39	#per489
961	1	#org18	#org95
960	1	#org104	#org18
959	1	#per504	#prg24
957	1	#org22	#per25
956	1	#pla3	#tim17
955	1	#per480	#pla41
980	1	#per35	#per95
981	1	#per489	#per498
982	1	#per17	#per507
984	1	#org16	#org3
987	1	#per133	#pla5
989	1	#per112	#per498
1211	1	#per559	#pla24
1212	1	#pla190	#pla192
1213	1	#org22	#per488
1443	1	#per42	#per505
1425	1	#per1	#tim17
1427	1	#org70	#per500
1428	1	#per110	#per27
1429	1	#per490	#per493
1432	1	#org17	#pla51
1433	1	#oef22	#per555
1435	1	#per2	#per50
954	1	#per542	#pla199
953	1	#org37	#per518
951	1	#per546	#pla209
1013	1	#per489	#per502
946	1	#org29	#per502
948	1	#per512	#pla4
949	1	#per507	#per560
994	1	#per483	#pla33
996	1	#pla187	#pla3
997	1	#per17	#pla203
1002	1	#per27	#per31
1004	1	#per112	#pla8
1005	1	#org8	#pla30
1006	1	#org110	#per518
1007	1	#org29	#per35
1010	1	#per483	#pla170
1011	1	#per23	#pla73
1012	1	#per1	#pla199
1015	1	#org18	#org50
991	1	#per522	#per523
1017	1	#org19	#pla200
1018	1	#pla171	#pla181
1020	1	#org114	#pla2
1021	1	#org118	#pla171
1022	1	#org3	#org70
1023	1	#org3	#pla198
1025	1	#per28	#pla51
1028	1	#per42	#per529
1029	1	#org0	#org14
1030	1	#per489	#pla172
1031	1	#per524	#pla62
995	1	#org50	#per523
993	1	#org100	#org18
950	1	#per25	#per59
1438	1	#per504	#pla186
1439	1	#per504	#pla7
1441	1	#org6	#pla3
1499	1	#per14	#pla171
1412	1	#pla5	#pla84
1414	1	#per546	#per549
1415	1	#org4	#org7
1417	1	#pla212	#pla62
1418	1	#pla234	#pla236
1419	1	#org29	#pla41
1456	1	#org114	#pla166
1457	1	#org5	#per504
1460	1	#org13	#per533
1492	1	#per537	#pla215
1494	1	#per29	#per32
1496	1	#org110	#pla19
1497	1	#org12	#per523
1498	1	#per22	#per477
1503	1	#org29	#per501
1407	1	#org104	#org12
1505	1	#per112	#pla175
1506	1	#org50	#per504
1508	1	#org70	#pla2
1510	1	#per533	#pla166
1512	1	#org12	#pla7
1513	1	#per25	#per30
1514	1	#per27	#per32
1515	1	#pla191	#pla193
1516	1	#org27	#per1
1517	1	#org37	#pla212
1518	1	#org37	#per494
1519	1	#org16	#pla80
1520	1	#per25	#pla182
1521	1	#per491	#per493
1410	1	#per112	#pla73
1406	1	#org12	#org95
1442	1	#per23	#per27
1422	1	#per25	#wor1
1444	1	#per1	#per553
1214	1	#org18	#per507
1445	1	#org19	#per529
1446	1	#org70	#per128
1447	1	#org12	#pla5
1448	1	#per507	#pla178
1449	1	#per504	#per552
1450	1	#per549	#pla63
1451	1	#per489	#per493
1452	1	#pla177	#pla24
1453	1	#org5	#pla4
1454	1	#pla2	#pla24
1455	1	#per504	#pla218
1424	1	#org112	#pla165
1421	1	#per17	#per35
1405	1	#org22	#per51
1420	1	#org13	#pla213
1388	1	#pla221	#pla223
1389	1	#pla175	#pla176
1390	1	#per14	#per526
1391	1	#org110	#per26
1392	1	#per14	#per485
1393	1	#org113	#org114
1394	1	#per533	#per534
1396	1	#org114	#pla63
1397	1	#per489	#per496
1398	1	#org118	#per537
1399	1	#org116	#org117
1400	1	#pla190	#pla3
1403	1	#pla200	#pla207
2137	1	#per14	#pla159
2135	1	#per1	#pla180
429	1	#org8	#per525
552	1	#pla18	#tim2
295	1	#org15	#pla3
557	1	#per28	#per477
556	1	#org18	#per523
297	1	#org18	#per128
554	1	#org37	#per490
553	1	#org70	#pla178
551	1	#per495	#per497
601	1	#per502	#pla73
550	1	#org4	#per28
549	1	#org13	#pla2
298	1	#per28	#pla177
548	1	#per2	#per504
547	1	#per507	#pla80
546	1	#org3	#per25
558	1	#org18	#per101
570	1	#org37	#per519
572	1	#org	#per504
604	1	#per489	#per491
595	1	#org119	#per17
258	1	#org16	#per503
257	1	#per507	#pla3
591	1	#org13	#pla178
592	1	#org12	#org3
593	1	#per22	#per30
256	1	#org22	#org4
255	1	#org22	#per3
596	1	#org100	#per483
573	1	#per547	#pla63
597	1	#per149	#per2
598	1	#pla178	#pla3
253	1	#pla201	#pla203
559	1	#per490	#pla171
292	1	#org3	#pla80
291	1	#per26	#per500
560	1	#per527	#per547
214	1	#pla197	#pla63
213	1	#per1	#pla7
211	1	#per493	#pla171
210	1	#pla182	#pla24
644	1	#org118	#pla18
209	1	#per504	#pla23
647	1	#org37	#per539
648	1	#per483	#per518
649	1	#per14	#pla200
650	1	#per1	#per529
249	1	#org100	#prg24
252	1	#org4	#pla
545	1	#per507	#pla4
283	1	#org64	#per156
286	1	#per14	#pla62
290	1	#org27	#pla2
561	1	#per504	#per533
562	1	#per10	#pla23
285	1	#org0	#org122
284	1	#per480	#pla18
563	1	#per1	#wor5
282	1	#per26	#per495
571	1	#per112	#per496
281	1	#org121	#per504
280	1	#per0	#per1
566	1	#per23	#per29
278	1	#pla182	#pla33
567	1	#org11	#org111
277	1	#per492	#per494
276	1	#per112	#per149
600	1	#per480	#tim2
602	1	#per504	#per522
2133	1	#per520	#pla185
1762	1	#pla234	#pla235
1738	1	#org103	#per500
1769	1	#per10	#pla171
1767	1	#per50	#per504
1766	1	#per483	#per525
1764	1	#org12	#pla36
1763	1	#org110	#per23
1760	1	#pla181	#pla51
603	1	#org70	#per42
1759	1	#per112	#per499
1758	1	#org29	#pla82
1757	1	#per527	#per549
1756	1	#org13	#pla37
1695	1	#org103	#per26
1754	1	#per558	#pla63
1737	1	#org103	#per504
1736	1	#pla185	#pla186
1733	1	#org14	#pla3
1697	1	#org115	#pla169
1698	1	#pla78	#pla84
1699	1	#pla171	#pla173
1700	1	#per2	#pla174
1704	1	#per537	#wor1
1705	1	#per14	#per555
1706	1	#per564	#prg24
1710	1	#pla171	#pla24
1711	1	#per563	#prg24
1712	1	#per489	#pla82
1713	1	#org78	#pla5
1716	1	#org18	#per483
1717	1	#org13	#per48
1718	1	#per35	#per489
1751	1	#per547	#per548
1749	1	#per1	#pla63
1748	1	#org124	#pla240
261	1	#per489	#pla33
589	1	#org8	#per2
259	1	#per18	#pla18
587	1	#org29	#per149
586	1	#per489	#per494
271	1	#per28	#per29
575	1	#pla181	#pla191
270	1	#per526	#pla210
269	1	#per21	#per29
268	1	#org4	#org8
267	1	#per564	#pla214
265	1	#pla214	#prg24
263	1	#org25	#per563
580	1	#per1	#per476
581	1	#org18	#pla179
260	1	#per13	#per14
1747	1	#per504	#pla14
583	1	#org3	#per505
584	1	#org112	#pla166
585	1	#per504	#prg100
431	1	#org18	#pla212
2195	1	#per1	#pla15
869	1	#per504	#pla228
1752	1	#per483	#pla182
1740	1	#org0	#pla15
1741	1	#per551	#pla62
1742	1	#per26	#pla4
1743	1	#org16	#per489
1744	1	#pla220	#pla221
1745	1	#org101	#per35
1746	1	#org13	#pla208
215	1	#org110	#pla33
216	1	#per17	#per485
641	1	#org2	#org22
361	1	#org545	#per545
359	1	#per512	#pla3
469	1	#per483	#pla178
468	1	#pla14	#pla171
467	1	#per1	#per562
466	1	#per2	#pla84
442	1	#per28	#per494
362	1	#org27	#per112
640	1	#pla206	#tim6
461	1	#org0	#org101
460	1	#per25	#per32
459	1	#per489	#per490
458	1	#org37	#pla214
364	1	#org	#per528
365	1	#org100	#per42
358	1	#per1	#per25
472	1	#per23	#per35
366	1	#org24	#per511
455	1	#per101	#per21
367	1	#per526	#pla199
368	1	#org123	#per524
443	1	#org24	#pla41
380	1	#per504	#pla566
445	1	#org100	#per543
446	1	#per505	#pla61
379	1	#org50	#org70
377	1	#org0	#org27
376	1	#per568	#pla240
449	1	#per532	#pla215
450	1	#per564	#prg100
451	1	#org37	#pla223
374	1	#org37	#per529
463	1	#org118	#pla62
357	1	#per26	#pla19
441	1	#per20	#per564
401	1	#org95	#per504
390	1	#per504	#pla5
432	1	#org111	#per11
434	1	#org12	#per563
382	1	#org119	#per506
387	1	#org103	#per543
435	1	#per17	#tim17
436	1	#org8	#pla73
386	1	#org118	#per527
385	1	#per539	#pla212
384	1	#per112	#per502
383	1	#pla30	#pla62
423	1	#pla216	#wor1
399	1	#per18	#pla2
400	1	#org37	#pla19
412	1	#pla209	#pla63
439	1	#per10	#pla33
411	1	#per550	#pla192
410	1	#org29	#per500
417	1	#pla165	#pla2
418	1	#per489	#pla173
419	1	#per565	#pla214
420	1	#per527	#pla191
409	1	#pla22	#pla23
421	1	#pla201	#pla202
407	1	#org12	#per2
422	1	#per548	#per551
406	1	#org100	#org5
405	1	#per504	#per565
403	1	#org2	#per1
402	1	#org113	#pla82
373	1	#per500	#pla5
453	1	#per112	#per500
371	1	#pla224	#pla225
662	1	#pla199	#pla215
240	1	#oef22	#per504
617	1	#per504	#per532
618	1	#per545	#per548
619	1	#per482	#per524
238	1	#org120	#pla191
220	1	#org100	#per564
638	1	#pla14	#pla215
250	1	#per567	#pla240
664	1	#org100	#per565
657	1	#per489	#per499
204	1	#per149	#pla108
203	1	#per558	#pla4
660	1	#per563	#per566
661	1	#org110	#pla2
201	1	#org5	#pla41
241	1	#pla167	#pla169
665	1	#org	#org29
219	1	#pla	#pla152
199	1	#org11	#per1
667	1	#per1	#pla179
668	1	#pla2	#pla80
197	1	#org29	#per487
670	1	#org18	#org29
671	1	#per483	#pla192
195	1	#per27	#per29
656	1	#per14	#per496
654	1	#org24	#tim5
652	1	#per547	#pla192
651	1	#per22	#per25
639	1	#pla207	#pla208
616	1	#pla51	#pla7
614	1	#org17	#per505
370	1	#per504	#per543
224	1	#org22	#per13
302	1	#pla223	#pla62
300	1	#org29	#per496
672	1	#per504	#per508
626	1	#org70	#per512
235	1	#per0	#wor1
623	1	#org115	#pla167
230	1	#per28	#pla171
624	1	#per110	#per30
228	1	#pla175	#pla5
625	1	#per516	#pla22
227	1	#per22	#per32
627	1	#org114	#pla82
636	1	#oef22	#pla173
226	1	#per508	#pla178
630	1	#org70	#per523
243	1	#per482	#per545
222	1	#per110	#per25
632	1	#per526	#pla209
633	1	#org123	#pla62
634	1	#per544	#pla63
622	1	#per517	#per519
621	1	#per2	#pla108
236	1	#per42	#wor1
237	1	#per14	#pla199
608	1	#per546	#pla62
247	1	#per4	#per50
609	1	#per565	#pla24
610	1	#org114	#pla165
245	1	#org8	#per10
612	1	#org12	#per26
1720	1	#per550	#pla200
1721	1	#org15	#org22
1722	1	#org0	#pla4
2073	1	#pla165	#pla63
1860	1	#org29	#pla3
2083	1	#org118	#org14
2080	1	#org100	#wor1
2078	1	#org546	#per545
2077	1	#per1	#per527
2074	1	#per489	#pla41
2071	1	#pla229	#pla231
1683	1	#org29	#pla8
2069	1	#org110	#org525
2068	1	#per14	#pla184
2067	1	#per10	#per517
2066	1	#pla62	#wor1
2065	1	#pla19	#wor1
2082	1	#per549	#per550
2084	1	#org29	#per559
2086	1	#pla30	#pla4
2087	1	#per533	#pla214
2088	1	#org4	#per505
2091	1	#per545	#pla62
2092	1	#per547	#per549
2093	1	#pla14	#pla182
2096	1	#per32	#per477
2097	1	#pla185	#pla3
2099	1	#org25	#pla8
2100	1	#per483	#pla185
2064	1	#org103	#pla5
2061	1	#per526	#pla171
2060	1	#org18	#per489
2058	1	#org18	#pla36
2022	1	#pla242	#pla243
2023	1	#org70	#per522
1858	1	#org70	#pla18
1855	1	#per498	#per499
1853	1	#org545	#per504
1619	1	#org13	#per482
1687	1	#org118	#pla30
1688	1	#pla186	#pla189
1690	1	#per502	#pla69
1691	1	#per13	#per17
1650	1	#org8	#per512
1645	1	#pla178	#pla24
1608	1	#pla166	#pla214
1644	1	#per518	#per519
1610	1	#per20	#per520
1611	1	#per504	#per519
1614	1	#org4	#pla30
1615	1	#per48	#per504
1616	1	#pla179	#pla180
1618	1	#org24	#pla178
1621	1	#per28	#per30
1643	1	#org0	#per545
1622	1	#org526	#per504
1624	1	#org70	#per95
1625	1	#per112	#pla41
1626	1	#pla3	#pla63
1627	1	#org37	#pla181
1630	1	#per23	#per28
1631	1	#per112	#per503
1632	1	#org13	#pla214
1633	1	#pla69	#pla73
1634	1	#per17	#pla182
1636	1	#per1	#pla182
1638	1	#org0	#org120
1639	1	#pla220	#pla222
1640	1	#pla167	#pla168
2027	1	#per560	#per561
2030	1	#per549	#pla192
2031	1	#per110	#per32
2105	1	#org37	#pla182
2175	1	#org15	#pla8
2181	1	#org113	#pla166
2182	1	#per10	#per483
2184	1	#org3	#per479
2185	1	#org11o	#org70
2186	1	#pla169	#pla33
2187	1	#org11o	#org37
2189	1	#per35	#pla15
2192	1	#org4	#per1
2193	1	#pla213	#pla214
2150	1	#pla181	#pla192
2145	1	#per25	#pla187
2104	1	#per20	#pla8
2143	1	#per29	#per477
2107	1	#org64	#pla78
2170	1	#org8	#per526
2108	1	#per563	#prg100
2109	1	#per48	#pla18
2111	1	#org18	#org19
2112	1	#org12	#org19
2113	1	#org100	#org118
2114	1	#per550	#pla209
2116	1	#org13	#per25
2118	1	#per481	#per504
2122	1	#pla165	#pla82
2123	1	#org0	#org19
2124	1	#pla174	#pla78
2125	1	#org18	#per95
2128	1	#per25	#per505
2132	1	#org113	#pla165
2172	1	#pla166	#pla2
2169	1	#pla164	#pla3
2033	1	#org100	#pla63
2055	1	#per48	#pla30
2034	1	#oef22	#pla178
2035	1	#per563	#wor1
2037	1	#org24	#org3
2038	1	#pla214	#pla215
2039	1	#org70	#per503
2040	1	#org37	#pla33
2042	1	#per549	#pla209
2043	1	#per14	#pla61
2044	1	#org4	#pla4
2045	1	#per551	#pla192
2047	1	#pla152	#pla18
2049	1	#org13	#tim6
2050	1	#per551	#pla209
2052	1	#per112	#per497
2056	1	#org29	#per498
2166	1	#per527	#pla153
2057	1	#org3	#per10
2101	1	#per30	#per32
2102	1	#per156	#pla78
2103	1	#org104	#org70
2149	1	#per513	#per514
2152	1	#per104	#per495
2154	1	#per527	#per545
2155	1	#per1	#pla164
2156	1	#org110	#pla14
2157	1	#per1	#per3
2161	1	#per14	#pla209
2162	1	#pla172	#pla33
2164	1	#org70	#per564
2165	1	#per532	#pla214
1684	1	#per483	#per526
1681	1	#per112	#per35
1724	1	#per21	#per32
1781	1	#org13	#pla167
1788	1	#org37	#per492
1787	1	#org546	#per504
1786	1	#org8	#org95
1785	1	#pla220	#pla223
1784	1	#org3	#per39
1782	1	#per22	#per29
1780	1	#pla172	#pla63
1680	1	#org0	#pla199
1778	1	#org22	#per19
1777	1	#org110	#pla223
1776	1	#per519	#pla33
1774	1	#org100	#pla215
1807	1	#org3	#tim1
1773	1	#org12	#org7
1790	1	#per21	#wor6
1792	1	#per548	#pla200
1793	1	#per545	#per551
1794	1	#per495	#pla5
1795	1	#org3	#pla197
1797	1	#per545	#pla192
1799	1	#per504	#pla51
1800	1	#pla181	#pla193
1802	1	#per21	#per3
1805	1	#org0	#pla209
1806	1	#per21	#per22
1696	1	#org37	#pla7
1694	1	#per31	#per32
1530	1	#per504	#pla200
1587	1	#org102	#org110
1575	1	#pla169	#pla5
1576	1	#per25	#pla51
1809	1	#org50	#per14
1813	1	#org37	#pla73
1852	1	#org0	#per484
1821	1	#per21	#pla51
1726	1	#per28	#pla3
1728	1	#per533	#pla14
1729	1	#per504	#per517
1730	1	#org8	#per25
1732	1	#per17	#pla7
1770	1	#per483	#pla187
1771	1	#org29	#pla69
1772	1	#per504	#tim17
1812	1	#pla4	#pla8
1815	1	#pla225	#pla226
1816	1	#per14	#pla244
1817	1	#per1	#pla152
1818	1	#per30	#per31
1819	1	#per1	#per19
1822	1	#org88	#pla84
1850	1	#org15	#per504
1824	1	#per21	#pla7
1826	1	#per2	#pla134
1828	1	#per545	#per547
1829	1	#per23	#per477
1830	1	#per489	#pla108
1832	1	#org88	#per26
1833	1	#org13	#pla168
1834	1	#per548	#pla63
1835	1	#org12	#org14
1836	1	#per564	#pla30
1838	1	#pla2	#pla82
1843	1	#org7	#per112
1844	1	#org119	#per1
1846	1	#org12	#per128
1577	1	#per35	#pla84
1578	1	#per21	#per27
1579	1	#per491	#pla171
1648	1	#org8	#per517
1557	1	#org16	#org22
1558	1	#per504	#per525
1559	1	#org1	#per504
1561	1	#pla199	#pla3
1562	1	#per42	#pla30
1564	1	#per483	#pla19
1566	1	#org100	#org8
1567	1	#per25	#per27
1568	1	#per534	#pla213
1569	1	#per128	#per504
1570	1	#org22	#per481
1605	1	#org13	#per555
1606	1	#pla33	#pla47
1607	1	#pla200	#wor1
1652	1	#per112	#pla
1554	1	#per17	#pla201
1653	1	#org13	#pla181
1656	1	#per558	#pla178
1658	1	#per501	#per502
1659	1	#org3	#pla7
1661	1	#org100	#per538
1662	1	#per534	#pla214
1664	1	#per14	#per533
1665	1	#org1	#org14
1667	1	#per28	#per490
1668	1	#per1	#per521
1669	1	#org103	#pla63
1670	1	#per10	#per519
1676	1	#per112	#per156
1679	1	#per489	#pla63
1556	1	#per14	#pla81
1552	1	#per551	#pla63
1580	1	#per23	#per31
1600	1	#org0	#org115
1581	1	#per559	#pla173
1582	1	#pla3	#pla4
1584	1	#per101	#per17
1585	1	#org37	#pla244
1586	1	#org3	#pla215
1590	1	#per14	#pla15
1693	1	#per17	#pla171
1591	1	#org18	#per2
1592	1	#per564	#per566
1593	1	#per527	#per542
1595	1	#org37	#pla23
1596	1	#per28	#per493
1598	1	#org22	#per10
1599	1	#org	#per14
1602	1	#per0	#pla8
1543	1	#per489	#per500
1603	1	#org13	#per532
1604	1	#org8	#per563
1574	1	#per504	#pla176
1573	1	#org124	#per504
1572	1	#per35	#per503
1571	1	#org0	#wor6
1532	1	#per28	#per31
1534	1	#org29	#pla175
1535	1	#org12	#pla80
1537	1	#per112	#per501
1538	1	#pla200	#pla208
1539	1	#pla172	#pla173
1540	1	#per486	#wor1
1541	1	#per504	#pla206
393	1	#per545	#per550
