id	NormalizedName-sp	aclaration	variants	comments	book	cert	Gender	NormalizedName-ge	NormalizedName-po	type	nature	definition	importance	order-edition
#per0	persona no definida				NT		none	nicht identifizierte Person	pessoa não identificada	person	human	undefined		MAT
#per1	Jesús				NT		male	Jesus	Jesus	person	both	defined	1	MAT
#per2	Abraham				AT		male	Abraham	Abraão	person	superior-human	defined	1	MAT
#per3	Isaac				AT		male	Isaak	Isaque	person	human	defined	1	MAT
#per4	Jacob		Israel		AT		male	Jakob	Jacó	person	human	defined	1	MAT
#per5	Judá				AT		male	Juda	Judá	person	human	defined	1	MAT
#per6	Tamar				NT		female	Tamar	Tamar	person	human	defined		MAT
#per7	Fares				AT		male	Perez	Perez	person	human	defined		MAT
#per8	Zéraj				AT		male	Serach	Zerá	person	human	defined		MAT
#per9	Hesrón				NT		male	Hezron	Esrom	person	human	defined		MAT
#per10	Herodes				NT		male	Herodes	Herodes	person	human	defined		MAT
#per11	María	madre de Jesús			NT		female	Maria	Maria	person	human	defined		MAT
#per12	José	padre de Jesús			NT		male	Josef	José	person	human	defined		MAT
#per13	Elías				NT		male	Elija	Elias	person	human	defined	1	MAT
#per14	Dios				AT		none	Gott	Deus	person	superior	defined	1	MAT
#per15	Jeremías				AT		male	Jeremiah	Jeremias	person	human	defined	1	MAT
#per16	Raquel				AT		female	Rahel	Raquel	person	human	defined	1	MAT
#per17	Espíritu Santo			Tb debería integrar en este id cuando se hace referencia al Espíritu de Dios?	AT		none	Heiliger Geist	Espírito Santo	person	superior	defined	1	MAT
#per18	Juan el Bautista				NT		male	Johannes der Täufer	João Batista	person	human	defined		MAT
#per19	Isaías				AT		male	Jesaja	Isaías	person	human	defined	1	MAT
#per20	diablo				AT		none	Teufel	Diabo	person	superior	defined	1	MAT
#per21	Pedro	h. Zebedeo	Simón	discípulo	NT		male	Simon Petrus	Simão Pedro	person	human	defined		MAT
#per22	Andrés	h. Zebedeo		discípulo	NT		male	Andreas	André	person	human	defined		MAT
#per23	Jacobo	h. Zebedeo		discípulo	NT		male	Jakobus	Tiago	person	human	defined		MAT
#per24	Zebedeo			discípulo	NT		male	Zebedäus	Zebedeu	person	human	defined		MAT
#per25	Juan		discípulo  amado	discípulo	NT		male	Johannes	João	person	human	defined		MAT
#per26	Moisés				AT		male	Mose	Moisés	person	human	defined	1	MAT
#per27	Mateo			discípulo	NT		male	Matthäus	Mateus	person	human	defined		MAT
#per28	Felipe			discípulo	NT		male	Philippus	Filipe	person	human	defined		MAT
#per29	Bartolomé			discípulo	NT		male	Batholomäus	Bartolomeu	person	human	defined		MAT
#per30	Tomás			discípulo	NT		male	Thomas	Tomé	person	human	defined		MAT
#per31	Jacobo	h. Alfeo  h. María		discípulo	NT		male	Jakobus	Tiago	person	human	defined		MAT
#per32	Alfeo			discípulo	NT		male	Alphäus	Alfeu	person	human	defined		MAT
#per33	Tadeo			discípulo	NT		male	Thaddäus	Tadeu	person	human	defined		MAT
#per34	Judas Iscariote			discípulo	NT		male	Judas Iskariot	Judas Iscariotes	person	human	defined		MAT
#per35	David				AT		male	David	Davi	person	human	defined	1	MAT
#per36	Jonás				AT		male	Jona	Jonas	person	human	defined	1	MAT
#per37	Herodía				NT		male	Herodias	Herodias	person	human	defined		MAT
#per38	hija de Herodias	Salomé	Salomé		NT		female	Tochter der Herodias	Filha de Herodias	person	human	defined		MAT
#per39	Salomón				NT		male	Salomo	Salomão	person	human	defined		MAT
#per40	Jonás	p. Simón Pedro			NT		male	Jona	Jonas	person	human	defined		MAT
#per41	madre de hijos de Zebedeo			En Mat.27: 56 aparece una María madre de Jacobo ¿?	NT		female	Mutter der Söhne des Zebedäus	Mãe dos filhos de Zebedeu	person	human	defined		MAT
#per42	César				NT		male	Kaiser	César	person	human	defined		MAT
#per43	Abel				AT		male	Abel	Abel	person	human	defined	1	MAT
#per44	Zacarías				NT		male	Zacharias 	Zacarias	person	human	defined	1	MAT
#per45	Berequías				NT		male	Berechjas	Baraquias	person	human	defined		MAT
#per46	Daniel				AT		male	Daniel	Daniel	person	human	defined	1	MAT
#per47	Noé				AT		male	Noah	Noé	person	human	defined	1	MAT
#per48	Caifás	sumo sacerdote			NT		male	Kaiphas	Caifás	person	human	defined		MAT
#per49	Simón	Simón el leproso			NT		male	Simon	Simão	person	human	defined		MAT
#per50	Pilato	procurador Pilato			NT		male	Pilatus	Pilatos	person	human	defined		MAT
#per51	Barrabás				NT		male	Barabbas	Barrabás	person	human	defined		MAT
#per52	esposa	esposa de Pilato			NT		female	Ehefrau	Esposa	person	human	defined		MAT
#per53	Natanael				NT		male	Nathanael	Natanael	person	human	defined		MAT
#per54	Simón	Hombre de Cirene que lleva la cruz de Jesús			NT		male	Simon	Simão	person	human	defined		MAT
#per55	ladrón	ladrón de la derecha			NT		male	Räuber	Ladrão	person	human	defined		MAT
#per56	ladrón	ladrón de la izquierda			NT		male	Räuber	Ladrão	person	human	defined		MAT
#per57	Centurión				NT		male	Zenturio	Centurião	person	human	defined		MAT
#per58	María Magdalena				NT		female	Maria Magdalena	Maria Madalena	person	human	defined		MAT
#per59	María	ma. Jacobo  mu. Alfeo			NT		female	Maria	Maria	person	human	defined		MAT
#per60	José	he. Jacobo  hi. María y Alfeo			NT		male	Josef	José	person	human	defined		MAT
#per61	José	hombre rico de Arimatea			NT		male	Josef	José	person	human	defined		MAT
#per62	Arquelao				AT		male	Archelaus	Arquelau	person	human	defined		MAT
#per63	Roboam				AT		male	Rehabeam	Roboão	person	human	defined		MAT
#per64	Abías				AT		male	Abija	Abias	person	human	defined		MAT
#per65	Asa				AT		male	Asa	Asa	person	human	defined		MAT
#per66	Josafat				AT		male	Joschafat	Josafá	person	human	defined		MAT
#per67	Joram				AT		male	Joram	Jorão	person	human	defined		MAT
#per68	Uzías				AT		male	Usija	Uzias	person	human	defined		MAT
#per69	Jotam				AT		male	Jotam	Jotão	person	human	defined		MAT
#per70	Acaz				AT		male	Ahas	Acaz	person	human	defined		MAT
#per71	Ezequías				AT		male	Hiskia	Ezequias	person	human	defined		MAT
#per72	Manasés	hijo de José			AT		male	Manasse	Manassés	person	human	defined	1	MAT
#per73	Amón				AT		male	Amon	Amom	person	human	defined		MAT
#per74	Josías				AT		male	Josia	Josias	person	human	defined		MAT
#per75	Jeconías				AT		male	Jojachin	Jeconias	person	human	defined		MAT
#per76	Salatiel				AT		male	Schealtiël	Salatiel	person	human	defined		MAT
#per77	Zorobabel				AT		male	Serubbabel	Zorobabel	person	human	defined		MAT
#per78	Abiud				AT		male	Abihud	Abiúde	person	human	defined		MAT
#per79	Eliaquim				AT		male	Eljakim	Eliaquim	person	human	defined		MAT
#per80	Azor				AT		male	Asor	Azor	person	human	defined		MAT
#per81	Sadoc				AT		male	Zadok	Sadoque	person	human	defined		MAT
#per82	Aquim				AT		male	Achim	Aquim	person	human	defined		MAT
#per83	Eliud				AT		male	Eliud	Eliúde	person	human	defined		MAT
#per84	Eleazar				AT		male	Eleasar	Eleazar	person	human	defined		MAT
#per85	Matán				AT		male	Mattan	Matã	person	human	defined		MAT
#per86	Jacob	abuelo de Jesús			NT		male	Jakob	Jacó	person	human	defined		MAT
#per87	Aram		Ram		AT		male	Ram	Arão	person	human	defined		MAT
#per88	Aminadab				AT		male	Amminadab	Aminadabe	person	human	defined		MAT
#per89	Najsón		Naasón		AT		male	Nachschon	Naassom	person	human	defined		MAT
#per90	Salmón	hi. Najson  p. Rajab			AT		male	Salmon	Salmom	person	human	defined		MAT
#per91	Rajab	mu. Salomón  ma. Boaz			AT		male	Rahab	Raabe	person	human	defined		MAT
#per92	Boaz	marido de Rut	Booz		AT		male	Boas	Boaz	person	human	defined		MAT
#per93	Rut	mu. Boaz  ma. Obed		?	AT		female	Rut	Rute	person	human	defined	1	MAT
#per94	Obed				AT		male	Obed	Obede	person	human	defined		MAT
#per95	Isaí				AT		male	Isai	Jessé	person	human	defined	1	MAT
#per96	Urías				AT		male	Uria	Urias	person	human	defined		MAT
#per97	suegra de Pedro				NT		female	Petrus´ Schwiegermutter	Sogra de Pedro	person	human	defined		MAT
#per98	Jacobo	he. Jesús			NT		male	Jakobus	Tiago	person	human	defined		MAT
#per99	José	he. Jesús			NT		male	Joses	José	person	human	defined		MAT
#per100	Simón	he. Jesús			NT		male	Simon	Simão	person	human	defined		MAT
#per101	Judas	he. Jesús			NT		male	Judas	Judas	person	human	defined		MAT
#per102	Felipe	he. de Herodes			NT		male	Philippus	Filipe	person	human	defined		MAT
#per103	Nicodemo				NT		male	Nikodemus	Nicodemos	person	human	defined		JOH
#per104	José	jefe de tribu			AT		male	Josef	José	person	human	defined	1	JOH
#per105	Simón	pa. Judas Iscariota			NT		male	Simon	Simão	person	human	defined		JOH
#per106	Lázaro				NT		male	Lazarus	Lazaro	person	human	defined		JOH
#per107	María	he. Lázaro y Marta			NT		female	Maria	Maria	person	human	defined		JOH
#per108	Marta	he. Lázaro y María			NT		female	Martha	Marta	person	human	defined		JOH
#per109	Rubén	jefe de tribu			NT		male	Ruben	Ruben	person	human	defined	1	JOH
#per110	Judas	no Iscariote			NT		male	Judas	Judas	person	human	defined		JOH
#per111	Malco				NT		male			person	human	defined		JOH
#per112	Anás	suegro Caifas			NT		male			person	human	defined		JOH
#per113	tía de Jesús				NT		female	Tante von Jesus	Tia de Jesus	person	human	defined		JOH
#per114	Cleofas				NT		male	Kleopas	Cleofas	person	human	defined		JOH
#per115	María	Mujer de Cleofas			NT		female	Maria	Maria	person	human	defined		JOH
#per116	Antipas				NT		male	Antipas	Antipas	person	human	defined		JOH
#per117	Balaam				NT		male	Bileam	Balaão	person	human	defined		REV
#per118	Balac				NT		male	Balack	Balaque	person	human	defined		REV
#per119	Jezabel				NT		female			person	human	defined		REV
#per120	Gad	jefe de tribu			AT		male	Gad		person	human	defined	1	REV
#per121	Aser	jefe de tribu			AT		male	Aser		person	human	defined	1	REV
#per122	Neftalí	jefe de tribu			AT		male	Naftali		person	human	defined	1	REV
#per123	Manases	jefe de tribu			AT		male	Manasse		person	human	defined	1	REV
#per124	Simeón	jefe de tribu			AT		male	Simeon		person	human	defined	1	REV
#per125	Leví	jefe de tribu			AT		male	Levi		person	human	defined	1	REV
#per126	Isacar	jefe de tribu			AT		male	Isachar		person	human	defined	1	REV
#per127	Zabulón	jefe de tribu			AT		male	Sebulon		person	human	defined	1	REV
#per128	Benjamín	jefe de tribu			AT		male	Benjamin		person	human	defined	1	REV
#per129	Abadón	ángel			NT		male			person	superior	defined		REV
#per130	Miguel				NT		male	Michael	Miguel	person	superior	defined	1	REV
#per131	Esaú		Edom	Es correcto la variación de Edom??	AT		male	Esau	Esaú	person	human	defined		GEN
#per132	Labán				AT		male	Laban		person	human	defined		GEN
#per133	faraón	en tiempos de José			AT		male			person	human	defined		GEN
#per134	Sara				AT		female	Sarah	Sara	person	human	defined	1	GEN
#per135	Lea				AT		female	Leah	Leia	person	human	defined	1	GEN
#per136	Rebeca				AT		female			person	human	defined	1	GEN
#per137	Lot				AT		male	Lot	Ló	person	human	defined	1	GEN
#per138	Abimelec				AT		male			person	human	defined		GEN
#per139	Siquem				AT		male			person	human	defined		GEN
#per140	Ismael				AT		male			person	human	defined	1	GEN
#per141	Nacor	hermano de Abraham			AT		male			person	human	defined		GEN
#per142	Caín				AT		male			person	human	defined	1	GEN
#per143	Agar				AT		male			person	human	defined		GEN
#per144	Sem				AT		male			person	human	defined		GEN
#per145	Adán				AT		male			person	human	defined	1	GEN
#per146	Het				AT		male			person	human	defined		GEN
#per147	mujer de Judá				AT		female			person	human	defined		GEN
#per148	Harán				AT		male			person	human	defined		GEN
#per149	Efrón				AT		male			person	human	defined		GEN
#per150	Hamor				AT		male			person	human	defined		GEN
#per151	Quesed				AT		male			person	human	defined		GEN
#per152	Efraín	hijo de José			AT		male			person	human	defined		GEN
#per153	Mamre				AT		male			person	human	defined		GEN
#per154	Lamec				AT		male			person	human	defined		GEN
#per155	Jemuel				AT		male			person	human	defined		GEN
#per156	Taré	padre de Abraham		Padre de Abrahám	AT		male			person	human	defined		GEN
#per157	Bilha				AT		male			person	human	defined		GEN
#per158	Cam				AT		male			person	human	defined		GEN
#per159	Betuel				AT		male			person	human	defined		GEN
#per160	Aná				AT		male			person	human	defined		GEN
#per161	Dina				AT		female			person	human	defined		GEN
#per162	Jafet				AT		male			person	human	defined		GEN
#per163	Seir				AT		male			person	human	defined		GEN
#per164	Enoc	hi. de Caín			AT		male			person	human	defined		GEN
#per165	Uz				AT		male			person	human	defined		GEN
#per166	Ada	mujer de Lamec			AT		female			person	human	defined		GEN
#per167	Mas				AT		male			person	human	defined		GEN
#per168	Heber				AT		male			person	human	defined		GEN
#per169	Set				AT		male			person	human	defined		GEN
#per170	mujer de Lot				AT		female			person	human	defined		GEN
#per171	Milca				AT		male			person	human	defined		GEN
#per172	Aholibama				AT		female			person	human	defined		GEN
#per173	Zilpa				AT		female			person	human	defined		GEN
#per174	Zibeón				AT		male			person	human	defined		GEN
#per175	Misma				AT		male			person	human	defined		GEN
#per176	Sala				AT		male			person	human	defined		GEN
#per177	Arfaxad				AT		male			person	human	defined		GEN
#per178	mujer de Potifar				AT		female			person	human	defined		GEN
#per179	Enós				AT		male			person	human	defined		GEN
#per180	Elifaz				AT		male			person	human	defined		GEN
#per181	Dan				AT		male			person	human	defined	1	GEN
#per182	Basemat				AT		female			person	human	defined		GEN
#per183	Mahalaleel				AT		male			person	human	defined		GEN
#per184	Peleg				AT		male			person	human	defined		GEN
#per185	Sela				AT		male			person	human	defined		GEN
#per186	Er				AT		male			person	human	defined		GEN
#per187	Bela				AT		male			person	human	defined		GEN
#per188	Efa				AT		male			person	human	defined		GEN
#per189	mayordomo de José				AT		male			person	human	defined		GEN
#per190	Matusalén				AT		male			person	human	defined	1	GEN
#per191	Quedorlaomer				AT		male			person	human	defined		GEN
#per192	Jordán				AT		male			person	human	defined		GEN
#per193	Onán				AT		male			person	human	defined		GEN
#per194	Jared				AT		male			person	human	defined		GEN
#per195	copero del faraón	en tiempos de José			AT		male			person	human	defined		GEN
#per196	panadero del faraón	en tiempos de José			AT		male			person	human	defined		GEN
#per197	Reuel				AT		male			person	human	defined		GEN
#per198	Cainán				AT		male			person	human	defined		GEN
#per199	Reu				AT		male			person	human	defined		GEN
#per200	Serug				AT		male			person	human	defined		GEN
#per201	jefe de la cárcel	en tiempos de José			AT		male			person	human	defined		GEN
#per202	Temán				AT		male			person	human	defined		GEN
#per203	Lotán				AT		male			person	human	defined		GEN
#per204	Efrata				AT		male			person	human	defined		GEN
#per205	Coré				AT		male			person	human	defined		GEN
#per206	Enoc	hi. de Jared  pa. De Matusalén			AT		male			person	human	defined		GEN
#per207	mujer de Noé				AT		female			person	human	defined		GEN
#per208	Disón				AT		male			person	human	defined		GEN
#per209	Zila				AT		male			person	human	defined		GEN
#per210	Joctán				AT		male			person	human	defined		GEN
#per211	Jaalam				AT		male			person	human	defined		GEN
#per212	Magog				AT		male			person	human	defined		GEN
#per213	Zohar				AT		male			person	human	defined		GEN
#per214	Jeús				AT		male			person	human	defined		GEN
#per215	Gersón				AT		male			person	human	defined		GEN
#per216	Elón				AT		male			person	human	defined		GEN
#per217	Potifera				AT		male			person	human	defined		GEN
#per218	Nebaiot				AT		male			person	human	defined		GEN
#per219	Disán				AT		male			person	human	defined		GEN
#per220	Jobab				AT		male			person	human	defined		GEN
#per221	Tola				AT		male			person	human	defined		GEN
#per222	Ezer				AT		male			person	human	defined		GEN
#per223	Sered				AT		male			person	human	defined		GEN
#per224	Husim				AT		male			person	human	defined		GEN
#per225	Jahzeel				AT		male			person	human	defined		GEN
#per226	Zera				AT		male			person	human	defined		GEN
#per227	Ficol				AT		male			person	human	defined		GEN
#per228	Súa				AT		male			person	human	defined		GEN
#per229	Sobal				AT		male			person	human	defined		GEN
#per230	Asenat	mu. José			AT		female			person	human	defined		GEN
#per231	Saúl				AT		male			person	human	defined		GEN
#per232	Cenaz				AT		male			person	human	defined		GEN
#per233	Elam				AT		male			person	human	defined		GEN
#per234	Dedán				AT		male			person	human	defined		GEN
#per235	On			place?	AT	low	male			person	human	defined		GEN
#per236	Sidón				AT		male			person	human	defined		GEN
#per237	Zifión				AT		male			person	human	defined		GEN
#per238	Madián				AT		male			person	human	defined		GEN
#per239	Imna				AT		male			person	human	defined		GEN
#per240	Obal				AT		male			person	human	defined		GEN
#per241	Eva				AT		female			person	human	defined		GEN
#per242	Gomer				AT		male			person	human	defined		GEN
#per243	Metusael				AT		male			person	human	defined		GEN
#per244	Nahat				AT		male			person	human	defined		GEN
#per245	Hira				AT		male			person	human	defined		GEN
#per246	Bería				AT		male			person	human	defined		GEN
#per247	Adoram				AT		male			person	human	defined		GEN
#per248	Sama				AT		male			person	human	defined		GEN
#per249	Hanoc				AT		male			person	human	defined		GEN
#per250	Aner				AT		male			person	human	defined		GEN
#per251	faraón	en tiempos de Abraham			AT		male			person	human	defined		GEN
#per252	Omar				AT		male			person	human	defined		GEN
#per253	Mizraim				AT		male			person	human	defined		GEN
#per254	Zefo				AT		male			person	human	defined		GEN
#per255	Dotán				AT		male			person	human	defined		GEN
#per256	Irad				AT		male			person	human	defined		GEN
#per257	Nimrod				AT		male			person	human	defined		GEN
#per258	Miza				AT		male			person	human	defined		GEN
#per259	Gatam				AT		male			person	human	defined		GEN
#per260	Amrafel				AT		male			person	human	defined		GEN
#per261	Hazar-mavet				AT		male			person	human	defined		GEN
#per262	Arioc				AT		male			person	human	defined		GEN
#per263	Escol				AT		male			person	human	defined		GEN
#per264	Javán				AT		male			person	human	defined		GEN
#per265	Parán				AT		male			person	human	defined		GEN
#per266	Hezrón				AT		male			person	human	defined		GEN
#per267	Potifar				AT		male			person	human	defined		GEN
#per268	Ben-ammi				AT		male			person	human	defined		GEN
#per269	Raama				AT		male			person	human	defined		GEN
#per270	Cetura				AT		male			person	human	defined		GEN
#per271	Samla				AT		male			person	human	defined		GEN
#per272	Moab				AT		male			person	human	defined	1	GEN
#per273	Baal-hanán				AT		male			person	human	defined		GEN
#per274	Husam				AT		male			person	human	defined		GEN
#per275	Acbor				AT		male			person	human	defined		GEN
#per276	Hadad				AT		male			person	human	defined		GEN
#per277	Hadar				AT		male			person	human	defined		GEN
#per278	Mas				AT		male			person	human	defined		GEN
#per279	Amalec				AT		male			person	human	defined		GEN
#per280	Jocsán				AT		male			person	human	defined		GEN
#per281	Atad				AT		male			person	human	defined		GEN
#per282	Migdal-edar				AT		male			person	human	defined		GEN
#per283	Mehujael				AT		male			person	human	defined		GEN
#per284	Quitim				AT		male			person	human	defined		GEN
#per285	Tidal				AT		male			person	human	defined		GEN
#per286	Zara				AT		male			person	human	defined		GEN
#per287	Suni				AT		male			person	human	defined		GEN
#per288	Malquiel				AT		male			person	human	defined		GEN
#per289	Askenaz				AT		male			person	human	defined		GEN
#per290	Almodad				AT		male			person	human	defined		GEN
#per291	Togarma				AT		male			person	human	defined		GEN
#per292	Sabta				AT		male			person	human	defined		GEN
#per293	Cedar				AT		male			person	human	defined		GEN
#per294	Rifat				AT		male			person	human	defined		GEN
#per295	Pinón				AT		male			person	human	defined		GEN
#per296	Matred				AT		male			person	human	defined		GEN
#per297	Efer				AT		male			person	human	defined		GEN
#per298	Sefar				AT		male			person	human	defined		GEN
#per299	Jabal				AT		male			person	human	defined		GEN
#per300	Ros				AT		male			person	human	defined		GEN
#per301	Dodanim				AT		male			person	human	defined		GEN
#per302	Tarsis				AT		male			person	human	defined		GEN
#per303	Itrán				AT		male			person	human	defined		GEN
#per304	Kemuel				AT		male			person	human	defined		GEN
#per305	Carmi				AT		male			person	human	defined		GEN
#per306	Reúma				AT		male			person	human	defined		GEN
#per307	Elisa				AT		male			person	human	defined		GEN
#per308	Alván				AT		male			person	human	defined		GEN
#per309	Elda				AT		male			person	human	defined		GEN
#per310	Teba				AT		male			person	human	defined		GEN
#per311	Avit				AT		male			person	human	defined		GEN
#per312	Asbel				AT		male			person	human	defined		GEN
#per313	Naamán				AT		male			person	human	defined		GEN
#per314	Asur				AT		male			person	human	defined		GEN
#per315	Fut				AT		male			person	human	defined		GEN
#per316	Isúi				AT		male			person	human	defined		GEN
#per317	Ohad				AT		male			person	human	defined		GEN
#per318	Abimael				AT		male			person	human	defined		GEN
#per319	Selef				AT		male			person	human	defined		GEN
#per320	Tiras				AT		male			person	human	defined		GEN
#per321	Jetur				AT		male			person	human	defined		GEN
#per322	Ehi				AT		male			person	human	defined		GEN
#per323	Jidlaf				AT		male			person	human	defined		GEN
#per324	Cus				AT		male			person	human	defined		GEN
#per325	Bequer				AT		male			person	human	defined		GEN
#per326	Arodi				AT		male			person	human	defined		GEN
#per327	Acán				AT		male			person	human	defined		GEN
#per328	Querán				AT		male			person	human	defined		GEN
#per329	Semeber				AT		male			person	human	defined		GEN
#per330	Lud				AT		male			person	human	defined		GEN
#per331	Hemam				AT		male			person	human	defined		GEN
#per332	Eri				AT		male			person	human	defined		GEN
#per333	Mesec				AT		male			person	human	defined		GEN
#per334	Cedema				AT		male			person	human	defined		GEN
#per335	Hupim				AT		male			person	human	defined		GEN
#per336	Pildas				AT		male			person	human	defined		GEN
#per337	Medán				AT		male			person	human	defined		GEN
#per338	Gaham				AT		male			person	human	defined		GEN
#per339	Ramesés				AT		male			person	human	defined		GEN
#per340	Masreca				AT		male			person	human	defined		GEN
#per341	Jamín				AT		male			person	human	defined		GEN
#per342	Jaquín				AT		male			person	human	defined		GEN
#per343	Ezbón				AT		male			person	human	defined		GEN
#per344	Jaboc				AT		male			person	human	defined		GEN
#per345	Eliezer				AT		male			person	human	defined		GEN
#per346	Hori				AT		male			person	human	defined		GEN
#per347	Dicla				AT		male			person	human	defined		GEN
#per348	Dinaba				AT		male			person	human	defined		GEN
#per349	Merari				AT		male			person	human	defined		GEN
#per350	Mezaab				AT		male			person	human	defined		GEN
#per351	Madai				AT		male			person	human	defined		GEN
#per352	Anamim				AT		male			person	human	defined		GEN
#per353	Isca				AT		male			person	human	defined		GEN
#per354	Judit				AT		male			person	human	defined		GEN
#per355	Areli				AT		male			person	human	defined		GEN
#per356	Leumim				AT		male			person	human	defined		GEN
#per357	Maaca				AT		male			person	human	defined		GEN
#per358	Mibsam				AT		male			person	human	defined		GEN
#per359	Arán				AT		male			person	human	defined		GEN
#per360	Birsa				AT		male			person	human	defined		GEN
#per361	Isúa				AT		male			person	human	defined		GEN
#per362	Jubal				AT		male			person	human	defined		GEN
#per363	Casluhim				AT		male			person	human	defined		GEN
#per364	Esbán				AT		male			person	human	defined		GEN
#per365	Hazo				AT		male			person	human	defined		GEN
#per366	Sinab				AT		male			person	human	defined		GEN
#per367	Jera				AT		male			person	human	defined		GEN
#per368	Bosra				AT		male			person	human	defined		GEN
#per369	Hul				AT		male			person	human	defined		GEN
#per370	Alva				AT		male			person	human	defined		GEN
#per371	Mehetabel				AT		male			person	human	defined		GEN
#per372	Onam				AT		male			person	human	defined		GEN
#per373	Mahalat				AT		male			person	human	defined		GEN
#per374	Ludim				AT		male			person	human	defined		GEN
#per375	Sefo				AT		male			person	human	defined		GEN
#per376	Fúa				AT		male			person	human	defined		GEN
#per377	Mupim				AT		male			person	human	defined		GEN
#per378	Bedad				AT		male			person	human	defined		GEN
#per379	Manahat				AT		male			person	human	defined		GEN
#per380	Nafis				AT		male			person	human	defined		GEN
#per381	Maquir				AT		male			person	human	defined		GEN
#per382	Isbac				AT		male			person	human	defined		GEN
#per383	Zimram				AT		male			person	human	defined		GEN
#per384	Zaaván				AT		male			person	human	defined		GEN
#per385	Ahuzat				AT		male			person	human	defined		GEN
#per386	Uzal				AT		male			person	human	defined		GEN
#per387	Tema				AT		male			person	human	defined		GEN
#per388	Havila				AT		male			person	human	defined		GEN
#per389	Massa				AT		male			person	human	defined		GEN
#per390	Beor				AT		male			person	human	defined		GEN
#per391	Naftuhim				AT		male			person	human	defined		GEN
#per392	Naama				AT		male			person	human	defined		GEN
#per393	Sabteca				AT		male			person	human	defined		GEN
#per394	Jahleel				AT		male			person	human	defined		GEN
#per395	Bera				AT		male			person	human	defined		GEN
#per396	Job				AT		male			person	human	defined		GEN
#per397	Débora				AT		female			person	human	defined		GEN
#per398	Mibzar				AT		male			person	human	defined		GEN
#per399	Ofir				AT		male			person	human	defined		GEN
#per400	Jezer				AT		male			person	human	defined		GEN
#per401	Patrusim				AT		male			person	human	defined		GEN
#per402	Simrón				AT		male			person	human	defined		GEN
#per403	Caftorim				AT		male			person	human	defined		GEN
#per404	Buz				AT		male			person	human	defined		GEN
#per405	Abida				AT		male			person	human	defined		GEN
#per406	Hagui				AT		male			person	human	defined		GEN
#per407	Aja				AT		male			person	human	defined		GEN
#per408	Asurim				AT		male			person	human	defined		GEN
#per409	Sera				AT		female			person	human	defined		GEN
#per410	Beeri				AT		male			person	human	defined		GEN
#per411	Silem				AT		male			person	human	defined		GEN
#per412	Ard				AT		male			person	human	defined		GEN
#per413	Lehabim				AT		male			person	human	defined		GEN
#per414	Iram				AT		male			person	human	defined		GEN
#per415	Guni				AT		male			person	human	defined		GEN
#per416	Geter				AT		male			person	human	defined		GEN
#per417	Gera				AT		male			person	human	defined		GEN
#per418	Jetet				AT		male			person	human	defined		GEN
#per419	Hamul				AT		male			person	human	defined		GEN
#per420	Canaán				AT		male			person	human	defined		GEN
#per421	Tahas				AT		male			person	human	defined		GEN
#per422	Ebal				AT		male			person	human	defined		GEN
#per423	Falú				AT		male			person	human	defined		GEN
#per424	Adbeel				AT		male			person	human	defined		GEN
#per425	Letusim				AT		male			person	human	defined		GEN
#per426	Coat				AT		male			person	human	defined		GEN
#per427	Ela				AT		male			person	human	defined		GEN
#per428	Tubal-caín				AT		male			person	human	defined		GEN
#per429	Duma				AT		male			person	human	defined		GEN
#per430	Pau				AT		male			person	human	defined		GEN
#per431	Melquisedec				AT		male			person	human	defined		GEN
#per432	Saúl				AT		male			person	human	defined		GEN
#per433	Ada	mujer de Esaú			AT		female			person	human	defined		GEN
#per434	Heber				AT		male			person	human	defined		GEN
#per435	Seba				AT		male			person	human	defined		GEN
#per436	Uz	hijo de Nacor			AT		male			person	human	defined		GEN
#per437	Uz	hijo de Disán			AT		male			person	human	defined		GEN
#per438	Bela	hijo de Benjamín			AT		male			person	human	defined		GEN
#per439	Elón	hijo de Zabulón			AT		male			person	human	defined		GEN
#per440	Lamec	hijo de Matusalén			AT		male			person	human	defined		GEN
#per441	Saúl	hijo de Simeón			AT		male			person	human	defined		GEN
#per442	Seba	hijo de Joctán			AT		male			person	human	defined		GEN
#per443	Seba	nieto de Abraham			AT		male			person	human	defined		GEN
#per444	Dedán	nieto de Cam			AT		male			person	human	defined		GEN
#per445	Jobab 	familia de Esaú			AT		male			person	human	defined		GEN
#per446	Madián				AT		male			person	human	defined		GEN
#per447	Zohar	hijo de Simeón			AT		male			person	human	defined		GEN
#per448	Hanoc	hijo de Rubén			AT		male			person	human	defined		GEN
#per449	Súa	suegro de Judá			AT		male			person	human	defined		GEN
#per450	Timna				AT		male			person	human	defined		GEN
#per451	Nacor	abuelo de Abraham			AT		male			person	human	defined		GEN
#per452	Hadar	familia de Esaú			AT		male			person	human	defined		GEN
#per453	Aram	sobrino de Abraham			AT		male			person	human	defined		GEN
#per454	Aram	hijo de Sem			AT		male			person	human	defined		GEN
#per455	Heber	hijo de Aser			AT		male			person	human	defined		GEN
#per456	Bilhán				AT		male			person	human	defined		GEN
#per457	Tubal	nieto de Noé			AT		male			person	human	defined		GEN
#per458	Havila				AT		male			person	human	defined		GEN
#per459	Jobab 	descendiente de Esaú			AT		male			person	human	defined		GEN
#per460	Basemat	hija de Ismael			AT		female			person	human	defined		GEN
#per461	rey de Bela				AT		male			person	human	defined		GEN
#per462	Booz			mismo que Boaz?	AT	medium	male			person	human	defined		RUT
#per463	Noemí				AT		female			person	human	defined		RUT
#per464	Orfa				AT		male			person	human	defined		RUT
#per465	Elimelec				AT		male			person	human	defined		RUT
#per466	Mahlón				AT		male			person	human	defined		RUT
#per467	pariente de Rut y Boaz	con quien tienen la deuda Noemí y Rut			AT		male			person	human	defined		RUT
#per468	Hezrón				AT		male			person	human	defined		RUT
#per469	Quelión				AT		male			person	human	defined		RUT
#per470	Amitai	padre de Jonás			AT		male			person	human	defined		JON
#per471	rey de Nínive				AT		male			person	human	defined		JON
#per472	Nitzevet	madre de David			AT		female			person	human	defined		SAL
#per473	salmista				AT		male			person	human	undefined		SAL
#per474	Asaf			???	AT		male			person	human	defined		SAL
#per475	Leviatán				AT		male			person	superior	defined		SAL
#per476	Teófilo				NT	medium	male			person	human	defined		ACT
#per477	Simón				NT		male			person	human	defined		MAT
#per478	José		Barsabás		NT		male			person	human	defined		ACT
#per479	Matías	Discípulo desde Hechos 1			NT		male			person	human	defined		ACT
#per480	Joel	profeta			AT		male			person	human	defined		ACT
#per481	Samuel	profeta			AT		male			person	human	defined	1	ACT
#per482	Alejandro	discípulo?		Separar en dos en capt. 4 y 19?	NT		male			person	human	defined		ACT
#per483	Bernabé	José			NT		male			person	human	defined		ACT
#per484	Ananías				NT		male			person	human	defined		ACT
#per485	Safira				NT		female			person	human	defined		ACT
#per486	Gamaliel	fariseo			NT		male			person	human	defined		ACT
#per487	Teudas	falso profeta			NT		male			person	human	defined		ACT
#per488	Judas	falso profeta			NT		male			person	human	defined		ACT
#per489	Esteban				NT		male			person	human	defined		ACT
#per490	Prócoro				NT		male			person	human	defined		ACT
#per491	Nicanor				NT		male			person	human	defined		ACT
#per492	Timón				NT		male			person	human	defined		ACT
#per493	Parmenas				NT		male			person	human	defined		ACT
#per494	Nicolás				NT		male			person	human	defined		ACT
#per495	faraón	en tiempos de Moisés			AT		male			person	human	defined		ACT
#per496	Amram	padre de Moisés			AT		male			person	human	defined	1	ACT
#per497	hija del faraón				AT		male			person	human	defined		ACT
#per498	Madián				AT		male			person	human	defined		ACT
#per499	Gersón	hijo de Moisés			AT		male			person	human	defined	1	ACT
#per500	Aarón	hermano de Moisés			AT		male			person	human	defined	1	ACT
#per501	Moloc				AT		male			person	superior	defined		ACT
#per502	Refán				AT		male			person	superior	defined		ACT
#per503	Josué				AT		male			person	human	defined	1	ACT
#per504	Pablo		Saulo		AT		male			person	human	defined	1	ACT
#per505	Simón	antiguo  mago			AT		male			person	human	defined		ACT
#per506	Candace	reina de Etipoía			NT		female			person	human	defined		ACT
#per507	Ananías	habla con Saulo			NT		male			person	human	defined		ACT
#per508	Judas	dueño de la casa donde está Saulo			NT		male			person	human	defined		ACT
#per509	Eneas	paralítico			NT		male			person	human	defined		ACT
#per510	Tabita		Dorcas		NT		female			person	human	defined	1	ACT
#per511	Simón	curtidor de Jope			NT		male			person	human	defined		ACT
#per512	Cornelio				NT		male			person	human	defined		ACT
#per513	Agabo	profeta			NT		male			person	human	defined		ACT
#per514	Claudio	emperador romano			NT		male			person	human	defined		ACT
#per515	Rode	niña creyente			NT		female			person	human	defined		ACT
#per516	Blasto	camarero de Herodes			NT		male			person	human	defined		ACT
#per517	Simón	Niger			NT		male			person	human	defined		ACT
#per518	Lucio	de Cirene			NT		male			person	human	defined		ACT
#per519	Manaén				NT		male			person	human	defined		ACT
#per520	Barjesús	falso profeta			NT		male			person	human	defined		ACT
#per521	Sergio Paulo				NT		male			person	human	defined		ACT
#per522	Saúl	rey			NT		male			person	human	defined		ACT
#per523	Cis	padre de Saúl			NT		male			person	human	defined		ACT
#per524	Júpiter				NT		male			person	superior	defined		ACT
#per525	Barsabás		Judas		NT		male			person	human	defined		ACT
#per526	Silas				NT		male			person	human	defined		ACT
#per527	Timoteo				NT		male			person	human	defined		ACT
#per528	Lidia				NT		female			person	human	defined		ACT
#per529	Jasón				NT		male			person	human	defined		ACT
#per530	Dionisio				NT		male			person	human	defined		ACT
#per531	Dámaris				NT		female			person	human	defined		ACT
#per532	Aquila				NT		male			person	human	defined		ACT
#per533	Priscila				NT		female			person	human	defined		ACT
#per534	Claudio				NT		male			person	human	defined		ACT
#per535	Justo				NT		male			person	human	defined		ACT
#per536	Crispo				NT		male			person	human	defined		ACT
#per537	Galión				NT		male			person	human	defined		ACT
#per538	Sóstenes				NT		male			person	human	defined		ACT
#per539	Apolos				NT		male			person	human	defined		ACT
#per540	Tiranno				NT		male			person	human	defined		ACT
#per541	Esceva				NT		male			person	human	defined		ACT
#per542	Erasto				NT		male			person	human	defined		ACT
#per543	Demetrio	platero			NT		male			person	human	defined		ACT
#per544	Diana				NT		female			person	superior	defined		ACT
#per545	Gayo	compañero éfeso de Pablo		Menciones en ACT 19 y 20. Diferentes personas?	NT		male			person	human	defined		ACT
#per546	Aristarco	compañero éfeso de Pablo			NT		male			person	human	defined		ACT
#per547	Sópater	compañero de Pablo			NT		male			person	human	defined		ACT
#per548	Pirro	padre de Sópater			NT		male			person	human	defined		ACT
#per549	Segundo	compañero de Pablo			NT		male			person	human	defined		ACT
#per550	Tíquico				NT		male			person	human	defined		ACT
#per551	Trófimo				NT		male			person	human	defined		ACT
#per552	Eutico				NT		male			person	human	defined		ACT
#per553	Agabo	profeta			NT		male			person	human	defined		ACT
#per554	Mnasón				NT		male			person	human	defined		ACT
#per555	Gamaliel				NT		male			person	human	defined		ACT
#per556	sobrino de Pablo				NT		male			person	human	defined		ACT
#per557	hermana de Pablo				NT		female			person	human	defined		ACT
#per558	Félix	gobernador			NT		male			person	human	defined		ACT
#per559	Claudio Lisias	comandante			NT		male			person	human	defined		ACT
#per560	Ananías	sumo sacerdote en la época de Pablo			NT		male			person	human	defined		ACT
#per561	Tértulo	orador			NT		male			person	human	defined		ACT
#per562	Drusila	mujer de Félix			NT		male			person	human	defined		ACT
#per563	Porcio Festo	gobernador			NT		male			person	human	defined		ACT
#per564	Agripa	rey			NT		male			person	human	defined		ACT
#per565	Berenice				NT		female			person	human	defined		ACT
#per566	Julio	centurión que lleva a Pablo			NT		male			person	human	defined		ACT
#per567	Publio				NT		male			person	human	defined		ACT
#per568	Cástor				NT		male			person	superior	defined		ACT
#per569	Pólux				NT		male			person	superior	defined		ACT
#per570	Herodes				NT		male			person	human	defined		ACT
#per571	Marcos	evangelista, no discípulos	Juan		NT		male			person	human	defined	1	ACT
#per572	María	madre de Marcos			NT		female			person	human	defined		ACT
#per573	Malaquías				AT		male			person	human	defined	1	MAL
#per574	Hageo	profeta			AT		male			person	human	defined	1	HAG
#per575	Josué				AT		male			person	human	defined		HAG
#per576	Josadac				AT		male			person	human	defined		HAG
#per577	Darío	rey de Persia			AT		male			person	human	defined	1	HAG
#per578	rey	tras José			AT		male			person	human	defined		EXO
#per579	Sifra	parteras hebreas			AT		female			person	human	defined		EXO
#per580	Fúa	parteras hebreas			AT		female			person	human	defined		EXO
#per581	hermana de Moisés				AT		female			person	human	defined		EXO
#per582	Jocabed	madre de Moisés			AT		female			person	human	defined		EXO
#per583	Reuel	suegro de Moisés, sacerdote de Madián	Jetro		AT		male			person	human	defined		EXO
#per584	Séfora	mujer de Moisés			AT		female			person	human	defined		EXO
#per585	faraón	segundo faraón durante Moisés			AT		male			person	human	defined		EXO
#per586	mujer de Simeón	canaea			AT		female			person	human	defined		EXO
#per587	Libni	hijo de Gerson, nieto de Levi			AT		male			person	human	defined		EXO
#per588	Simei	hijo de Gerson, nieto de Levi			AT		male			person	human	defined		EXO
#per589	Hebrón				AT		male			person	human	defined		EXO
#per590	Uziel				AT		male			person	human	defined		EXO
#per591	Mahli				AT		male			person	human	defined		EXO
#per592	Musi				AT		male			person	human	defined		EXO
#per593	Coré				AT		male			person	human	defined		EXO
#per594	Nefeg				AT		male			person	human	defined		EXO
#per595	Zicri				AT		male			person	human	defined		EXO
#per596	Misael				AT		male			person	human	defined		EXO
#per597	Elzafán				AT		male			person	human	defined		EXO
#per598	Sitri				AT		male			person	human	defined		EXO
#per599	Elisabet	mujer de Aarón			AT		female			person	human	defined		EXO
#per600	Aminadab	madre de Elisabet, suegra de Aarón			AT		female			person	human	defined		EXO
#per601	Naasón				AT		male			person	human	defined		EXO
#per602	Nadab	hijo de Aarón			AT		male			person	human	defined		EXO
#per603	Abiú	hijo de Aarón			AT		male			person	human	defined		EXO
#per604	Eleazar	hijo de Aarón			AT		male			person	human	defined		EXO
#per605	Itamar	hijo de Aarón			AT		male			person	human	defined		EXO
#per606	Asir				AT		male			person	human	defined		EXO
#per607	Elcana				AT		male			person	human	defined		EXO
#per608	Abiasaf				AT		male			person	human	defined		EXO
#per609	Futiel				AT		male			person	human	defined		EXO
#per610	Finees				AT		male			person	human	defined		EXO
#per611	mujer de Eleazar	nuera de Aaron			AT		female			person	human	defined		EXO
#per612	María	hermana de Aarón  (de Moisés?), profetisa			AT		female			person	human	defined		EXO
#per613	Hur	compañero de Aarón y Moisés			AT		male			person	human	defined		EXO
#per614	Eliezer	hijo de Moisés			AT		male			person	human	defined		EXO
#per615	Bezaleel				AT		male			person	human	defined		EXO
#per616	Uri				AT		male			person	human	defined		EXO
#per617	Aholiab				AT		male			person	human	defined		EXO
#per618	Ahisamac				AT		male			person	human	defined		EXO
#per619	Nun	padre de Josué			AT		male			person	human	defined		EXO
#per620	Asera	dios cananeo			AT		male			person	superior	defined		EXO
#per621	Itamar	hijo de Aarón			AT		male			person	human	defined		EXO
														
														
														
#org0	gente	grupo no definido						Leute	Pessoas	group	human	undefined		MAT
#org1	Sanedrín							Sanhedrin	Sinédrio	group	human	defined		MAT
#org2	fariseos							Pharisäer	Fariseus	group	human	defined		MAT
#org3	discípulos	de Jesús						Jünger	Discípulos	group	human	defined		MAT
#org4	ángel							Engel	Anjo	group	superior	defined		MAT
#org5	escribas							Schriftgelehrte	Escribas	group	human	defined		MAT
#org6	demonios							Dämon	Demônio	group	superior	defined		MAT
#org7	saduceos							Saduzäer	Saduceus	group	human	defined		MAT
#org8	profetas							Propheten	Profétas	group	human	defined		MAT
#org9	herodianos							Horadianer	Herodianos	group	human	defined		MAT
#org10	reyes magos							Weisen aus dem Morgenland	Reis Magos	group	human	defined		MAT
#org11	hermanos de Jesús							Brüder Jesu	Irmãos de Jesus	group	human	defined		MAT
#org12	sacerdotes							Priester	Sacerdotes	group	human	undefined		MAT
#org13	judíos							Juden	Judeus	group	human	undefined		MAT
#org14	falsos profetas	hechiceros, magos						Falsche Propheten	Falsos Profétas	group	human	undefined		MAT
#org15	enfermos	paralítico leprosos mudos ciegos etc						Kranke	Enfermos	group	human	undefined		MAT
#org16	gentiles		extranjero					Heiden	Gentios	group	human	defined		MAT
#org17	samaritanos							Samariter	Samaritanos	group	human	defined		MAT
#org18	creyentes							Gläubige	Crentes	group	human	undefined		MAT
#org19	no creyentes	malvados						Nichtgläubige	Não crentes	group	human	undefined		MAT
#org20	publicanos							Publikaner	Publicanos	group	human	undefined		MAT
#org21	prostitutas							Prostituierte	Prostitutas	group	human	undefined		MAT
#org22	tribus de Israel					low		Stämme Israels	Tribos des Israel	group	human	defined		MAT
#org23	falsos cristos							Falsche Christen? Oder Falsche Christuse	Falso Cristãos? Ou Falsos Cristos	group	human	defined		MAT
#org24	soldados							Soldaten	Soldados	group	human	undefined		MAT
#org25	ancianos	del pueblo de Israel	príncipes de Israel					Älteste	Anciãos	group	human	defined		MAT
#org26	criados de Herodes							Diener des Herodes	Servos de Herodes	group	human	defined		MAT
#org27	discípulos	de Juan el bautista						Jünger	Discipulos	group	human	defined		MAT
#org28	condiscípulos	de Tomas Dídimo								group	human	defined		JOH
#org29	concilio	de fariseos y sacerdotes								group	human	defined		JOH
#org30	iglesia de Éfeso							Gemeinde von Ephesus	Igreja de Éfeso	group	human	defined		REV
#org31	iglesia de Esmirna							Gemeinde von Smyrna	Igreja de Esmirna	group	human	defined		REV
#org32	iglesia de Pérgamo							Gemeinde von Pergamon	Igreja de Pérgamo	group	human	defined		REV
#org33	iglesia de Tiatira							Gemeinde von Thiatira	Igreja de Tiatira	group	human	defined		REV
#org34	iglesia de Sardis							Gemeinde von Sardes	Igrejas des Sardes	group	human	defined		REV
#org35	iglesia de Filadelfia							Gemeinde von Philadelphia	Igreja de Filadélfia	group	human	defined		REV
#org36	iglesia de Laodicea							Gemeinde von Laodicea	Igreja de Laodicéia	group	human	defined		REV
#org37	iglesia							Gemeinde	Igreja	group	human	undefined		REV
#org38	sellados									group	human	undefined		REV
#org39	tribu de Judá	tb sus hijos								group	human	defined		REV
#org40	tribu de Rubén	tb sus hijos								group	human	defined		REV
#org41	tribu de Gad	tb sus hijos								group	human	defined		REV
#org42	tribu de Aser	tb sus hijos								group	human	defined		REV
#org43	tribu de Neftalí	tb sus hijos								group	human	defined		REV
#org44	tribu de Manases	tb sus hijos								group	human	defined		REV
#org45	tribu de Simeón	tb sus hijos								group	human	defined		REV
#org46	tribu de Leví	tb sus hijos	levitas							group	human	defined		REV
#org47	tribu de Isacar	tb sus hijos								group	human	defined		REV
#org48	tribu de Zabulón	tb sus hijos								group	human	defined		REV
#org49	tribu de José	tb sus hijos								group	human	defined		REV
#org50	tribu de Benjamín	tb sus hijos								group	human	defined		REV
#org51	4 seres vivientes	del Apocalipsis				low				group	superior	defined		REV
#org52	24 ancianos	del Apocalipsis				low			24 anciãos	group	superior	defined		REV
#org53	filisteos							Philister	Filisteus	group	human	defined		GEN
#org54	jebuseo									group	human	defined		GEN
#org55	amorreo									group	human	defined		GEN
#org56	gergeseo									group	human	defined		GEN
#org57	heveos									group	human	defined		GEN
#org58	araceos									group	human	defined		GEN
#org59	sineos									group	human	defined		GEN
#org60	arvadeos									group	human	defined		GEN
#org61	zemareos									group	human	defined		GEN
#org62	hamateos									group	human	defined		GEN
#org63	cananeos									group	human	defined		GEN
#org64	caldeos									group	human	defined		GEN
#org65	egipcios									group	human	defined		GEN
#org66	ferezeos									group	human	defined		GEN
#org67	refaítas									group	human	defined		GEN
#org68	zuzitas									group	human	defined		GEN
#org69	amalecitas									group	human	defined		GEN
#org70	hebreos		Israel							group	human	defined		GEN
#org71	horeos									group	human	defined		GEN
#org72	ceneos									group	human	defined		GEN
#org73	cadmoneos									group	human	defined		GEN
#org74	heteos									group	human	defined		GEN
#org75	amorreos									group	human	defined		GEN
#org76	gergeseos									group	human	defined		GEN
#org77	jebuseos									group	human	defined		GEN
#org78	descendientes de Abraham									group	human	defined		GEN
#org79	personas de Sodoma									group	human	defined		GEN
#org80	familia de Lot									group	human	defined		GEN
#org81	moabitas									group	human	defined		GEN
#org82	amonitas									group	human	defined		GEN
#org83	criados de Abraham									group	human	defined		GEN
#org84	hijos de Het									group	human	defined		GEN
#org85	ismaelitas									group	human	defined		GEN
#org86	hijos de Isaac									group	human	defined		GEN
#org87	criados de Isaac									group	human	defined		GEN
#org88	hijos de Jacob									group	human	defined		GEN
#org89	hijos de Labán									group	human	defined		GEN
#org90	hijos de Lea									group	human	defined		GEN
#org91	tribu de Dan									group	human	defined		GEN
#org92	sacerdotes del faraón	tb magos								group	human	defined		GEN
#org93	tribu de Efraín									group	human	defined		GEN
#org94	siervos de faraón	tb casa								group	human	defined		GEN
#org95	jueces	de Israel								group	human	defined		RUT
#org96	criados de Booz									group	human	defined		RUT
#org97	hijos de Booz y Rut									group	human	defined		RUT
#org98	marineros de la nave de Jonás									group	human	defined		JON
#org99	hombres de Nínive									group	human	defined		JON
#org100	reyes y responsables en general									group	human	undefined		SAL
#org101	enemigos									group	human	undefined		SAL
#org102	pobres	presos								group	human	undefined		SAL
#org103	dioses	otros dioses								group	superior	undefined		SAL
#org104	descendientes de David									group	human	defined		SAL
#org105	aliados									group	human	undefined		SAL
#org106	hijos de Coré			?						group	human	defined		SAL
#org107	hermonitas									group	human	defined		SAL
#org108	personas de Tiro									group	human	defined		SAL
#org109	hijos de Isaí									group	human	defined		SAL
#org110	apóstoles									group	human	defined		ACT
#org111	mujeres	cercanas a los discípulos								group	human	defined		ACT
#org112	partos									group	human	defined		ACT
#org113	medos									group	human	defined		ACT
#org114	elamitas									group	human	defined		ACT
#org115	romanos									group	human	defined		ACT
#org116	cretenses									group	human	defined		ACT
#org117	árabes									group	human	defined		ACT
#org118	griegos									group	human	defined		ACT
#org119	etiopía									group	human	defined		ACT
#org120	gente de Licaonia									group	human	defined		ACT
#org121	macedonios									group	human	defined		ACT
#org122	mujeres									group	human	defined		ACT
#org123	efesios									group	human	defined		ACT
#org124	malteses									group	human	defined		ACT
#org125	descendientes de Esaú									group	human	defined		MAL
#org126	edomitas									group	human	defined		MAL
#org127	cuñadas de Moisés									group	human	defined		EXO
#org128	hijos de Moisés									group	human	defined		
#org129	coreítas	hijos de Coré								group	human	defined		
#org130	primogénitos									group	human	defined		
#org131	esclavos		siervos							group	human	defined		
#org132	hijos de Aarón									group	human	defined		
														
														
														
														
#tim1	tercer día	tras la muerte de Jesús						Dritter Tag	Terceiro dia	time				MAT
#tim2	Día del juicio							Tag des jüngsten Gerichtes	Dia do juízo	time				MAT
#tim3	principio del mundo							Anfang der Welt	Pincípio do mundo	time				MAT
#tim4	Días de Noé							Tage Noahs	Dias de Noé	time				MAT
#tim5	Pascua							Ostern	Pacoa	time				MAT
#tim6	Día de la fiesta de los panes sin levadura							Tag des Festes der ungesäuerten Brote	Dia da festa dos pães sem fermendo	time				MAT
#tim7	toma de Jesús							Die Einnahme Jesu	Tomada de Jesus	time				MAT
#tim8	días del Rey Herodes							Tage des König Herodes	Dias do rei Herodes	time				MAT
#tim9	sábado							Samstag	Sábado	time				MAT
#tim10	bodas de Caná							Hochzeit zu Cana	Bodas de Caná	time				MAT
#tim11	fiesta de los tabernáculos							Fest der Stifthütte	Festa dos tabernáculos	time				MAT
#tim12	fiesta de la Dedicación							Einweihungsfest	Festa de dedicacão	time				MAT
#tim13	muerte de Jesús							Tod Jesu	Morte de Jesus	time				MAT
#tim14	antes del principio							Vor de Anfang	Antes do prinípio	time				MAT
#tim15	diluvio							Sintflut	Dilúvio	time				REV
#tim16	tiempo de los patriarcas									time				SAL
#tim17	Pentecostés		fiesta de la siega							time				ACT
#tim18	nacimiento de Jesús									time				MAL
#tim19	salida de Egipto													EXO
#tim20	Abib	mes												EXO
#tim21	fiesta de la cosecha													EXO
#tim22	fiesta de las semanas													EXO
														
														
#wor1	antiguo testamento		leyes					Altes Testament	Antigo Testamento	work				
#wor2	Evangelio de Juan							Evangelium des Johannes	Evangelho de João	work				
#wor3	Libro de apocalipisis							Offenbarung	Apocalipse	work				
#wor4	libro de la vida							Buch des Lebens	Livro da vida	work				
#wor5	Evangelio de Lucas									work				
#wor6	Salmos													
#wor7	tablas de la ley													EXO
														
														
#pla1	Belén							Bethlehem	Belem	place	human			MAT
#pla2	Judea		Judá	Es lo mismo que Judá?				Judäa	Judeia	place	human			MAT
#pla3	Jerusalén							Jerusalem	Jerusalem	place	human			MAT
#pla4	Israel							Israel	Israel	place	human			MAT
#pla5	Egipto							Ägypten	Egito	place	human			MAT
#pla6	Ramá							Rama	Ramá	place	human			MAT
#pla7	Galilea							Galiläa	Geliléia	place	human			MAT
#pla8	Nazaret							Nazareth	Nazaré	place	human			MAT
#pla9	Jordán							Jordan	Jordão	place	human			MAT
#pla10				 Antes este id tenía el valor de “ciudad santa”a hora integrado en pla3						place	human			MAT
#pla11	Capernaúm							Kapernaum	Cafarnaum	place	human			MAT
#pla12	Zabulón							Sebulon	Zebulom	place	human			MAT
#pla13	Neftalí			repetido??				Naftali	Naftali	place	human			MAT
#pla14	Siria							Syrien	Siria	place	human			MAT
#pla15	infierno							Hölle	Inferno	place	superior			MAT
#pla16	Sodoma							Sodom	Sodoma	place	human			MAT
#pla17	Gomorra							Gomorra	Gomorra	place	human			MAT
#pla18	cielo							Himmel	Céu	place	superior			MAT
#pla19	reino de los cielos		reino de Dios			low		Himmelreich	Reino dos céus	place	superior			MAT
#pla20	Nínive							Ninive	Ninive	place	human			MAT
#pla21	Genesaret							Genezareth	Genezaré	place	human			MAT
#pla22	Tiro							Tirus	Tiros	place	human			MAT
#pla23	Sidón							Sidon	Sidon	place	human			MAT
#pla24	Cesarea							Cesarea	Cesaréia	place	human			MAT
#pla25	Filipo							Filipi	Filipe	place	human			MAT
#pla26	Jericó							Jericho	Jericó	place	human			MAT
#pla27	Betfagé							Betfage	Betfagé	place	human			MAT
#pla28	monte de los Olivos							Ölberg	Monte das Oliveiras	place	human			MAT
#pla29	Sion							Zion	Sião	place	human			MAT
#pla30	templo	de Jerusalén						Tempel	Templo	place	human			MAT
#pla31	Betania							Bethanien	Betânia	place	human			MAT
#pla32	Getsemaní							Gethsemane	Getsêmani	place	human			MAT
#pla33	Cirene							Zirene	Cirene	place	human			MAT
#pla34	Gólgota							Golgatha	Gólgata	place	human			MAT
#pla35	Arimatea							Arimathea	Arimatéia	place	human			MAT
#pla36	sepulcro	tumba de Jesús						Grab	Sepulcro	place	human			MAT
#pla37	pretorio							Pretoria	Pretória	place	human			MAT
#pla38	Magdala							Magdala	Madala	place	human			MAT
#pla39	oriente			Lugar del que proceden los magos que alaban a Jesús				Orient	Oriente	place	human			MAT
#pla40	Decápolis							Dekapolis	Decápolis	place	human			MAT
#pla41	tierra	mundo				low		Erde	Terra	place	human			MAT
#pla42	occidente							Westliche Welte	Ocidente	place	human			MAT
#pla43	mar de Galilea							See Genezareth	Mar da Galiléia	place	human			MAT
#pla44	Corazín							Chorazin	Corazim	place	human			MAT
#pla45	Betsaida							Bethsaida	Betsaida	place	human			MAT
#pla46	Betábara							Betanien	Betabara	place	human			MAT
#pla47	sinagoga							Sinagoge	Sinagóga	place	human			MAT
#pla48	Caná									place	human			JOH
#pla49	Enón									place	human			JOH
#pla50	Salim									place	human			JOH
#pla51	Samaria									place	human			JOH
#pla52	Sicar									place	human			JOH
#pla53	Puerta de las Ovejas	En Jerusalén								place	human			JOH
#pla54	Betesda									place	human			JOH
#pla55	Tiberias									place	human			JOH
#pla56	Siloé									place	human			JOH
#pla57	Efraín									place	human			JOH
#pla58	Cedrón									place	human			JOH
#pla59	Enlosado									place	human			JOH
#pla60	Sardis									place	human			REV
#pla61	Tiatira									place	human			REV
#pla62	Éfeso									place	human			REV
#pla63	Asia									place	human			REV
#pla64	Éufrates									place	human			REV
#pla65	Esmirna									place	human			REV
#pla66	Laodicea									place	human			REV
#pla67	Filadelfia									place	human			REV
#pla68	Pérgamo									place	human			REV
#pla69	Babilonia									place	human			REV
#pla70	Patmos									place	human			REV
#pla71	Nueva Jerusalén					low				place	superior			REV
#pla72	Sión		monte de Jehová							place	superior			REV
#pla73	tabernáculo		templo en el cielo			low				place	superior			REV
#pla74	Armagedón									place	superior			REV
#pla75	Gog									place	human			REV
#pla76	Magog									place	human			REV
#pla77	Edén			Tb huerto						place	human			GEN
#pla78	Ur			Tierra original de Abraham???						place	human			GEN
#pla79	Babel									place	human			GEN
#pla80	Damasco									place	human			GEN
#pla81	Gaza									place	human			GEN
#pla82	Mesopotamia									place	human			GEN
#pla83	Moriah									place	human			GEN
#pla84	Canaán									place	human			GEN
#pla85	Pisón	río								place	human			GEN
#pla86	Havila									place	human			GEN
#pla87	Gihón	río								place	human			GEN
#pla88	Cus									place	human			GEN
#pla89	Hidekel	río								place	human			GEN
#pla90	Asiria									place	human			GEN
#pla91	Nod			¿Es realmente un lugar?		medium				place	human			GEN
#pla92	Enoc									place	human			GEN
#pla93	Ararat									place	human			GEN
#pla94	Erec									place	human			GEN
#pla95	Acad									place	human			GEN
#pla96	Calne									place	human			GEN
#pla97	Sinar									place	human			GEN
#pla98	Rehobot									place	human			GEN
#pla99	Cala									place	human			GEN
#pla100	Resén									place	human			GEN
#pla101	Gerar									place	human			GEN
#pla102	Adma									place	human			GEN
#pla103	Zeboim									place	human			GEN
#pla104	Lasa									place	human			GEN
#pla105	Mesa									place	human			GEN
#pla106	Sefar									place	human			GEN
#pla107	Haran									place	human			GEN
#pla108	Siquem									place	human			GEN
#pla109	More									place	human			GEN
#pla110	Bet-el		Betel							place	human			GEN
#pla111	Hai									place	human			GEN
#pla112	Neguev									place	human			GEN
#pla113	Zoar									place	human			GEN
#pla114	Bered									place	human			GEN
#pla115	Hebrón									place	human			GEN
#pla116	lugar del altar		de Abraham, cerca de Bet-el							place	human			GEN
#pla117	Elasar									place	human			GEN
#pla118	Elam									place	human			GEN
#pla119	Goim									place	human			GEN
#pla120	Bela									place	human			GEN
#pla121	Sidim									place	human			GEN
#pla122	Astarot Karnaim									place	human			GEN
#pla123	Ham									place	human			GEN
#pla124	Save-quiriataim									place	human			GEN
#pla125	Seir									place	human			GEN
#pla126	Parán									place	human			GEN
#pla127	Cades									place	human			GEN
#pla128	Hazezon-tamar									place	human			GEN
#pla129	Hoba									place	human			GEN
#pla130	Salem									place	human			GEN
#pla131	Nilo									place	human			GEN
#pla132	Shur									place	human			GEN
#pla133	Beerseba									place	human			GEN
#pla134	Macpela	tb cueva y tumba de Abraham Isaac Jacob y sus mujeres								place	human			GEN
#pla135	Mamre									place	human			GEN
#pla136	Padan-aram									place	human			GEN
#pla137	Galaad									place	human			GEN
#pla138	Mahanaim									place	human			GEN
#pla139	Peniel									place	human			GEN
#pla140	Sucot									place	human			GEN
#pla141	El-Elohe-Israel									place	human			GEN
#pla142	El-bet-el					medium				place	human			GEN
#pla143	Dotán									place	human			GEN
#pla144	Quezib									place	human			GEN
#pla145	Timnat									place	human			GEN
#pla146	Enaim									place	human			GEN
#pla147	Gosén									place	human			GEN
#pla148	Abel-mizraim									place	human			GEN
#pla149	campos de Moab									place	human			RUT
#pla150	Efrata									place	human			RUT
#pla151	Tarsis									place	human			JON
#pla152	Jope									place	human			JON
#pla153	mar mediterráneo									place	human			JON
#pla154	Basán									place	human			SAL
#pla155	Hernón		Sirión							place	human			SAL
#pla156	Líbano									place	human			SAL
#pla157	Mizar									place	human			SAL
#pla158	Ofir									place	human			SAL
#pla159	Sinaí	montaña	Horeb							place	human			SAL
#pla160	Salmón									place	human			SAL
#pla161	Etiopía									place	human			SAL
#pla162	Sabá									place	human			SAL
#pla163	Seba									place	human			SAL
#pla164	Acéldama	lugar donde se suicida Judas								place	human			ACT
#pla165	Capadocia									place	human			ACT
#pla166	Ponto									place	human			ACT
#pla167	Frigia									place	human			ACT
#pla168	Panfilia									place	human			ACT
#pla169	África									place	human			ACT
#pla170	Chipre									place	human			ACT
#pla171	Antioquía									place	human			ACT
#pla172	Alejandría									place	human			ACT
#pla173	Cilicia									place	human			ACT
#pla174	Harán									place	human			ACT
#pla175	Mar Rojo									place	human			ACT
#pla176	Sinaí	desierto								place	human			ACT
#pla177	Azoto									place	human			ACT
#pla178	Tarso			mismo que Tarsis?		medium				place	human			ACT
#pla179	Lida									place	human			ACT
#pla180	Sarón									place	human			ACT
#pla181	Fenicia									place	human			ACT
#pla182	Chipre									place	human			ACT
#pla183	Seleucia									place	human			ACT
#pla184	Salamina									place	human			ACT
#pla185	Pafos									place	human			ACT
#pla186	Perge									place	human			ACT
#pla187	Panfilia									place	human			ACT
#pla188	Antioquía									place	human			ACT
#pla189	Pisidia									place	human			ACT
#pla190	Iconio									place	human			ACT
#pla191	Listra									place	human			ACT
#pla192	Derbe									place	human			ACT
#pla193	Licaonia									place	human			ACT
#pla194	Pisidia									place	human			ACT
#pla195	Panfilia									place	human			ACT
#pla196	Atalia									place	human			ACT
#pla197	Frigia									place	human			ACT
#pla198	Galacia									place	human			ACT
#pla199	Macedonia									place	human			ACT
#pla200	Tesalónica									place	human			ACT
#pla201	Misia									place	human			ACT
#pla202	Troas									place	human			ACT
#pla203	Bitinia									place	human			ACT
#pla204	Samotracia									place	human			ACT
#pla205	Neápolis									place	human			ACT
#pla206	Filipos									place	human			ACT
#pla207	Anfípolis									place	human			ACT
#pla208	Apolonia									place	human			ACT
#pla209	Berea									place	human			ACT
#pla210	Atenas									place	human			ACT
#pla211	Areópago									place	human			ACT
#pla212	Corinto									place	human			ACT
#pla213	Italia									place	human			ACT
#pla214	Roma									place	human			ACT
#pla215	Erasto									place	human			ACT
#pla216	Alejandría									place	human			ACT
#pla217	Grecia									place	human			ACT
#pla218	Asón									place	human			ACT
#pla219	Mitilene									place	human			ACT
#pla220	Quío									place	human			ACT
#pla221	Samos									place	human			ACT
#pla222	Trogilio									place	human			ACT
#pla223	Mileto									place	human			ACT
#pla224	Cos									place	human			ACT
#pla225	Rodas									place	human			ACT
#pla226	Pátara									place	human			ACT
#pla227	Tolemaida									place	human			ACT
#pla228	Antípatris									place	human			ACT
#pla229	Panfilia									place	human			ACT
#pla230	Mira									place	human			ACT
#pla231	Licia									place	human			ACT
#pla232	Gnido									place	human			ACT
#pla233	Creta									place	human			ACT
#pla234	Buenos Puertos									place	human			ACT
#pla235	Lasea									place	human			ACT
#pla236	Fenice									place	human			ACT
#pla237	Clauda									place	human			ACT
#pla238	Sirte									place	human			ACT
#pla239	mar Adriático									place	human			ACT
#pla240	Malta									place	human			ACT
#pla241	Siracusa									place	human			ACT
#pla242	Regio									place	human			ACT
#pla243	Puteoli									place	human			ACT
#pla244	Foro de Apio									place	human			ACT
#pla245	Tres Tabernas									place	human			ACT
#pla246	Edom									place	human			MAL
#pla247	Pitón									place	human			EXO
#pla248	Ramesés									place	human			EXO
#pla249	Madián									place	human			EXO
#pla250	capital de Egipto	en tiempo de Moisés		Cairo?						place	human			EXO
#pla251	Ramesés									place	human			EXO
#pla252	Etam									place	human			EXO
#pla253	Pi-hahirot									place	human			EXO
#pla254	Migdol									place	human			EXO
#pla255	Baal-zefón									place	human			EXO
#pla256	Mara									place	human			EXO
#pla257	Elim									place	human			EXO
#pla258	Sin									place	human			EXO
#pla259	Refidim									place	human			EXO
#pla260	Masah	Meriba								place	human			EXO
#pla261	Jehová-nisi	altar								place	human			EXO
#pla262	templo	móvil								place	human			EXO
#pla263	tabernáculo									place	human			EXO
