;whoid;correspid;whoid_name;correspid_name
0;#org4;#per12;ángel;José
1;#org4;#per12;ángel;José
2;#org4;#per12;ángel;José
3;#org4;#per12;ángel;José
4;#org4;#org0;ángel;gente
5;#org4;#per58;ángel;María Magdalena
6;#org4;#per59;ángel;María
7;#org4;#per58;ángel;María Magdalena
8;#org4;#per59;ángel;María
9;#org4;#per58;ángel;María Magdalena
10;#org4;#per59;ángel;María
11;#org8;#pla1;profetas;Belén
12;#org10;#per10;reyes magos;Herodes
13;#org5;#per10;escribas;Herodes
14;#org5;#per10;escribas;Herodes
15;#org5;#per1;escribas;Jesús
16;#org5;#org5;escribas;escribas
17;#org5;#per1;escribas;Jesús
18;#org5;#per1;escribas;Jesús
19;#org5;#per1;escribas;Jesús
20;#org5;#org0;escribas;gente
21;#org5;#org0;escribas;gente
22;#org5;#org0;escribas;gente
23;#org5;#org0;escribas;gente
24;#org5;#org0;escribas;gente
25;#per10;#org10;Herodes;reyes magos
26;#per10;#org26;Herodes;criados de Herodes
27;#per18;#org0;Juan el Bautista;gente
28;#per18;#org2;Juan el Bautista;fariseos
29;#per18;#org7;Juan el Bautista;saduceos
30;#per18;#org2;Juan el Bautista;fariseos
31;#per18;#org7;Juan el Bautista;saduceos
32;#per18;#org2;Juan el Bautista;fariseos
33;#per18;#org7;Juan el Bautista;saduceos
34;#per18;#org2;Juan el Bautista;fariseos
35;#per18;#org7;Juan el Bautista;saduceos
36;#per18;#org2;Juan el Bautista;fariseos
37;#per18;#org7;Juan el Bautista;saduceos
38;#per18;#org2;Juan el Bautista;fariseos
39;#per18;#org7;Juan el Bautista;saduceos
40;#per18;#per1;Juan el Bautista;Jesús
41;#org2;#org3;fariseos;discípulos
42;#org2;#org0;fariseos;gente
43;#org2;#per1;fariseos;Jesús
44;#org2;#per1;fariseos;Jesús
45;#org2;#org0;fariseos;gente
46;#org2;#per1;fariseos;Jesús
47;#org2;#per1;fariseos;Jesús
48;#org2;#org0;fariseos;gente
49;#org2;#org0;fariseos;gente
50;#org2;#per1;fariseos;Jesús
51;#org2;#per1;fariseos;Jesús
52;#org2;#per1;fariseos;Jesús
53;#org2;#per1;fariseos;Jesús
54;#org2;#per1;fariseos;Jesús
55;#org2;#per1;fariseos;Jesús
56;#org2;#per1;fariseos;Jesús
57;#org2;#org0;fariseos;gente
58;#org2;#org0;fariseos;gente
59;#org2;#org0;fariseos;gente
60;#org2;#per50;fariseos;Pilato
61;#org2;#per50;fariseos;Pilato
62;#org7;#org0;saduceos;gente
63;#org7;#org0;saduceos;gente
64;#org7;#per1;saduceos;Jesús
65;#org7;#per1;saduceos;Jesús
66;#org7;#per1;saduceos;Jesús
67;#org7;#per1;saduceos;Jesús
68;#org7;#per1;saduceos;Jesús
69;#per1;#per18;Jesús;Juan el Bautista
70;#per1;#per20;Jesús;diablo
71;#per1;#per20;Jesús;diablo
72;#per1;#per20;Jesús;diablo
73;#per1;#org0;Jesús;gente
74;#per1;#per21;Jesús;Simón Pedro
75;#per1;#per22;Jesús;Andrés
76;#per1;#org3;Jesús;discípulos
77;#per1;#org0;Jesús;gente
78;#per1;#org3;Jesús;discípulos
79;#per1;#org0;Jesús;gente
80;#per1;#org3;Jesús;discípulos
81;#per1;#org0;Jesús;gente
82;#per1;#org3;Jesús;discípulos
83;#per1;#org0;Jesús;gente
84;#per1;#org3;Jesús;discípulos
85;#per1;#org0;Jesús;gente
86;#per1;#org3;Jesús;discípulos
87;#per1;#org0;Jesús;gente
88;#per1;#org3;Jesús;discípulos
89;#per1;#org0;Jesús;gente
90;#per1;#org3;Jesús;discípulos
91;#per1;#org0;Jesús;gente
92;#per1;#org3;Jesús;discípulos
93;#per1;#org0;Jesús;gente
94;#per1;#org3;Jesús;discípulos
95;#per1;#org0;Jesús;gente
96;#per1;#org3;Jesús;discípulos
97;#per1;#org0;Jesús;gente
98;#per1;#org3;Jesús;discípulos
99;#per1;#org0;Jesús;gente
100;#per1;#org3;Jesús;discípulos
101;#per1;#org0;Jesús;gente
102;#per1;#org3;Jesús;discípulos
103;#per1;#org0;Jesús;gente
104;#per1;#org3;Jesús;discípulos
105;#per1;#org0;Jesús;gente
106;#per1;#org3;Jesús;discípulos
107;#per1;#org0;Jesús;gente
108;#per1;#org3;Jesús;discípulos
109;#per1;#org0;Jesús;gente
110;#per1;#org3;Jesús;discípulos
111;#per1;#org0;Jesús;gente
112;#per1;#org3;Jesús;discípulos
113;#per1;#org0;Jesús;gente
114;#per1;#org3;Jesús;discípulos
115;#per1;#org0;Jesús;gente
116;#per1;#org3;Jesús;discípulos
117;#per1;#org0;Jesús;gente
118;#per1;#org3;Jesús;discípulos
119;#per1;#org0;Jesús;gente
120;#per1;#org3;Jesús;discípulos
121;#per1;#org0;Jesús;gente
122;#per1;#org3;Jesús;discípulos
123;#per1;#org0;Jesús;gente
124;#per1;#org3;Jesús;discípulos
125;#per1;#org0;Jesús;gente
126;#per1;#org3;Jesús;discípulos
127;#per1;#org0;Jesús;gente
128;#per1;#org3;Jesús;discípulos
129;#per1;#org0;Jesús;gente
130;#per1;#org3;Jesús;discípulos
131;#per1;#org0;Jesús;gente
132;#per1;#org3;Jesús;discípulos
133;#per1;#org0;Jesús;gente
134;#per1;#org3;Jesús;discípulos
135;#per1;#org0;Jesús;gente
136;#per1;#org3;Jesús;discípulos
137;#per1;#org0;Jesús;gente
138;#per1;#org3;Jesús;discípulos
139;#per1;#org0;Jesús;gente
140;#per1;#org3;Jesús;discípulos
141;#per1;#org0;Jesús;gente
142;#per1;#org3;Jesús;discípulos
143;#per1;#org0;Jesús;gente
144;#per1;#org3;Jesús;discípulos
145;#per1;#org0;Jesús;gente
146;#per1;#org3;Jesús;discípulos
147;#per1;#org0;Jesús;gente
148;#per1;#org3;Jesús;discípulos
149;#per1;#org0;Jesús;gente
150;#per1;#org3;Jesús;discípulos
151;#per1;#org0;Jesús;gente
152;#per1;#org3;Jesús;discípulos
153;#per1;#org0;Jesús;gente
154;#per1;#org3;Jesús;discípulos
155;#per1;#org0;Jesús;gente
156;#per1;#org3;Jesús;discípulos
157;#per1;#org0;Jesús;gente
158;#per1;#org3;Jesús;discípulos
159;#per1;#org0;Jesús;gente
160;#per1;#org3;Jesús;discípulos
161;#per1;#org0;Jesús;gente
162;#per1;#org3;Jesús;discípulos
163;#per1;#org0;Jesús;gente
164;#per1;#org3;Jesús;discípulos
165;#per1;#org0;Jesús;gente
166;#per1;#org3;Jesús;discípulos
167;#per1;#org0;Jesús;gente
168;#per1;#org3;Jesús;discípulos
169;#per1;#org0;Jesús;gente
170;#per1;#org3;Jesús;discípulos
171;#per1;#org0;Jesús;gente
172;#per1;#org3;Jesús;discípulos
173;#per1;#org0;Jesús;gente
174;#per1;#org3;Jesús;discípulos
175;#per1;#org0;Jesús;gente
176;#per1;#org3;Jesús;discípulos
177;#per1;#org0;Jesús;gente
178;#per1;#org3;Jesús;discípulos
179;#per1;#org0;Jesús;gente
180;#per1;#org3;Jesús;discípulos
181;#per1;#org0;Jesús;gente
182;#per1;#org3;Jesús;discípulos
183;#per1;#org0;Jesús;gente
184;#per1;#org3;Jesús;discípulos
185;#per1;#org0;Jesús;gente
186;#per1;#per14;Jesús;Dios
187;#per1;#org3;Jesús;discípulos
188;#per1;#org0;Jesús;gente
189;#per1;#per14;Jesús;Dios
190;#per1;#org3;Jesús;discípulos
191;#per1;#org0;Jesús;gente
192;#per1;#per14;Jesús;Dios
193;#per1;#org3;Jesús;discípulos
194;#per1;#org0;Jesús;gente
195;#per1;#per14;Jesús;Dios
196;#per1;#org3;Jesús;discípulos
197;#per1;#org0;Jesús;gente
198;#per1;#per14;Jesús;Dios
199;#per1;#org3;Jesús;discípulos
200;#per1;#org0;Jesús;gente
201;#per1;#org3;Jesús;discípulos
202;#per1;#org0;Jesús;gente
203;#per1;#org3;Jesús;discípulos
204;#per1;#org0;Jesús;gente
205;#per1;#org3;Jesús;discípulos
206;#per1;#org0;Jesús;gente
207;#per1;#org3;Jesús;discípulos
208;#per1;#org0;Jesús;gente
209;#per1;#org3;Jesús;discípulos
210;#per1;#org0;Jesús;gente
211;#per1;#org3;Jesús;discípulos
212;#per1;#org0;Jesús;gente
213;#per1;#org3;Jesús;discípulos
214;#per1;#org0;Jesús;gente
215;#per1;#org3;Jesús;discípulos
216;#per1;#org0;Jesús;gente
217;#per1;#org3;Jesús;discípulos
218;#per1;#org0;Jesús;gente
219;#per1;#org3;Jesús;discípulos
220;#per1;#org0;Jesús;gente
221;#per1;#org3;Jesús;discípulos
222;#per1;#org0;Jesús;gente
223;#per1;#org3;Jesús;discípulos
224;#per1;#org0;Jesús;gente
225;#per1;#org3;Jesús;discípulos
226;#per1;#org0;Jesús;gente
227;#per1;#org3;Jesús;discípulos
228;#per1;#org0;Jesús;gente
229;#per1;#org3;Jesús;discípulos
230;#per1;#org0;Jesús;gente
231;#per1;#org3;Jesús;discípulos
232;#per1;#org0;Jesús;gente
233;#per1;#org3;Jesús;discípulos
234;#per1;#org0;Jesús;gente
235;#per1;#org3;Jesús;discípulos
236;#per1;#org0;Jesús;gente
237;#per1;#org3;Jesús;discípulos
238;#per1;#org0;Jesús;gente
239;#per1;#org3;Jesús;discípulos
240;#per1;#org0;Jesús;gente
241;#per1;#org3;Jesús;discípulos
242;#per1;#org0;Jesús;gente
243;#per1;#org3;Jesús;discípulos
244;#per1;#org0;Jesús;gente
245;#per1;#org3;Jesús;discípulos
246;#per1;#org0;Jesús;gente
247;#per1;#org3;Jesús;discípulos
248;#per1;#org0;Jesús;gente
249;#per1;#org3;Jesús;discípulos
250;#per1;#org0;Jesús;gente
251;#per1;#org3;Jesús;discípulos
252;#per1;#org0;Jesús;gente
253;#per1;#org3;Jesús;discípulos
254;#per1;#org0;Jesús;gente
255;#per1;#org3;Jesús;discípulos
256;#per1;#org0;Jesús;gente
257;#per1;#org3;Jesús;discípulos
258;#per1;#org0;Jesús;gente
259;#per1;#org3;Jesús;discípulos
260;#per1;#org0;Jesús;gente
261;#per1;#org3;Jesús;discípulos
262;#per1;#org0;Jesús;gente
263;#per1;#org3;Jesús;discípulos
264;#per1;#org0;Jesús;gente
265;#per1;#org3;Jesús;discípulos
266;#per1;#org0;Jesús;gente
267;#per1;#org3;Jesús;discípulos
268;#per1;#org0;Jesús;gente
269;#per1;#org3;Jesús;discípulos
270;#per1;#org0;Jesús;gente
271;#per1;#org3;Jesús;discípulos
272;#per1;#org0;Jesús;gente
273;#per1;#org3;Jesús;discípulos
274;#per1;#org0;Jesús;gente
275;#per1;#org3;Jesús;discípulos
276;#per1;#org0;Jesús;gente
277;#per1;#org3;Jesús;discípulos
278;#per1;#org0;Jesús;gente
279;#per1;#org3;Jesús;discípulos
280;#per1;#org0;Jesús;gente
281;#per1;#org3;Jesús;discípulos
282;#per1;#org0;Jesús;gente
283;#per1;#org3;Jesús;discípulos
284;#per1;#org0;Jesús;gente
285;#per1;#org3;Jesús;discípulos
286;#per1;#org0;Jesús;gente
287;#per1;#org3;Jesús;discípulos
288;#per1;#org0;Jesús;gente
289;#per1;#org3;Jesús;discípulos
290;#per1;#org0;Jesús;gente
291;#per1;#org3;Jesús;discípulos
292;#per1;#org0;Jesús;gente
293;#per1;#org3;Jesús;discípulos
294;#per1;#org0;Jesús;gente
295;#per1;#per0;Jesús;persona no definida
296;#per1;#org0;Jesús;gente
297;#per1;#per57;Jesús;Centurión
298;#per1;#org0;Jesús;gente
299;#per1;#per57;Jesús;Centurión
300;#per1;#org0;Jesús;gente
301;#per1;#per57;Jesús;Centurión
302;#per1;#org0;Jesús;gente
303;#per1;#per57;Jesús;Centurión
304;#per1;#per57;Jesús;Centurión
305;#per1;#org5;Jesús;escribas
306;#per1;#org3;Jesús;discípulos
307;#per1;#org3;Jesús;discípulos
308;#per1;#org6;Jesús;demonio
309;#per1;#org15;Jesús;enfermos
310;#per1;#org5;Jesús;escribas
311;#per1;#org5;Jesús;escribas
312;#per1;#org5;Jesús;escribas
313;#per1;#org15;Jesús;enfermos
314;#per1;#per27;Jesús;Mateo
315;#per1;#org2;Jesús;fariseos
316;#per1;#org2;Jesús;fariseos
317;#per1;#org27;Jesús;discípulos
318;#per1;#org27;Jesús;discípulos
319;#per1;#org27;Jesús;discípulos
320;#per1;#org15;Jesús;enfermos
321;#per1;#org0;Jesús;gente
322;#per1;#org15;Jesús;enfermos
323;#per1;#org15;Jesús;enfermos
324;#per1;#org15;Jesús;enfermos
325;#per1;#org3;Jesús;discípulos
326;#per1;#org3;Jesús;discípulos
327;#per1;#org3;Jesús;discípulos
328;#per1;#org3;Jesús;discípulos
329;#per1;#org3;Jesús;discípulos
330;#per1;#org3;Jesús;discípulos
331;#per1;#org3;Jesús;discípulos
332;#per1;#org3;Jesús;discípulos
333;#per1;#org3;Jesús;discípulos
334;#per1;#org3;Jesús;discípulos
335;#per1;#org3;Jesús;discípulos
336;#per1;#org3;Jesús;discípulos
337;#per1;#org3;Jesús;discípulos
338;#per1;#org3;Jesús;discípulos
339;#per1;#org3;Jesús;discípulos
340;#per1;#org3;Jesús;discípulos
341;#per1;#org3;Jesús;discípulos
342;#per1;#org3;Jesús;discípulos
343;#per1;#org3;Jesús;discípulos
344;#per1;#org3;Jesús;discípulos
345;#per1;#org3;Jesús;discípulos
346;#per1;#org3;Jesús;discípulos
347;#per1;#org3;Jesús;discípulos
348;#per1;#org3;Jesús;discípulos
349;#per1;#org3;Jesús;discípulos
350;#per1;#org3;Jesús;discípulos
351;#per1;#org3;Jesús;discípulos
352;#per1;#org3;Jesús;discípulos
353;#per1;#org3;Jesús;discípulos
354;#per1;#org3;Jesús;discípulos
355;#per1;#org3;Jesús;discípulos
356;#per1;#org3;Jesús;discípulos
357;#per1;#org3;Jesús;discípulos
358;#per1;#org3;Jesús;discípulos
359;#per1;#org3;Jesús;discípulos
360;#per1;#org3;Jesús;discípulos
361;#per1;#org3;Jesús;discípulos
362;#per1;#org3;Jesús;discípulos
363;#per1;#org3;Jesús;discípulos
364;#per1;#org3;Jesús;discípulos
365;#per1;#org27;Jesús;discípulos
366;#per1;#org27;Jesús;discípulos
367;#per1;#org27;Jesús;discípulos
368;#per1;#org0;Jesús;gente
369;#per1;#org0;Jesús;gente
370;#per1;#org0;Jesús;gente
371;#per1;#org0;Jesús;gente
372;#per1;#org0;Jesús;gente
373;#per1;#org0;Jesús;gente
374;#per1;#org0;Jesús;gente
375;#per1;#org0;Jesús;gente
376;#per1;#org0;Jesús;gente
377;#per1;#org0;Jesús;gente
378;#per1;#org0;Jesús;gente
379;#per1;#org0;Jesús;gente
380;#per1;#org0;Jesús;gente
381;#per1;#org0;Jesús;gente
382;#per1;#org0;Jesús;gente
383;#per1;#org0;Jesús;gente
384;#per1;#org0;Jesús;gente
385;#per1;#per14;Jesús;Dios
386;#per1;#per14;Jesús;Dios
387;#per1;#org0;Jesús;gente
388;#per1;#org0;Jesús;gente
389;#per1;#org0;Jesús;gente
390;#per1;#org0;Jesús;gente
391;#per1;#org2;Jesús;fariseos
392;#per1;#org2;Jesús;fariseos
393;#per1;#org2;Jesús;fariseos
394;#per1;#org2;Jesús;fariseos
395;#per1;#org2;Jesús;fariseos
396;#per1;#org2;Jesús;fariseos
397;#per1;#org2;Jesús;fariseos
398;#per1;#org2;Jesús;fariseos
399;#per1;#org15;Jesús;enfermos
400;#per1;#org2;Jesús;fariseos
401;#per1;#org2;Jesús;fariseos
402;#per1;#org2;Jesús;fariseos
403;#per1;#org2;Jesús;fariseos
404;#per1;#org2;Jesús;fariseos
405;#per1;#org2;Jesús;fariseos
406;#per1;#org2;Jesús;fariseos
407;#per1;#org2;Jesús;fariseos
408;#per1;#org2;Jesús;fariseos
409;#per1;#org2;Jesús;fariseos
410;#per1;#org2;Jesús;fariseos
411;#per1;#org2;Jesús;fariseos
412;#per1;#org2;Jesús;fariseos
413;#per1;#org2;Jesús;fariseos
414;#per1;#org5;Jesús;escribas
415;#per1;#org2;Jesús;fariseos
416;#per1;#org5;Jesús;escribas
417;#per1;#org2;Jesús;fariseos
418;#per1;#org5;Jesús;escribas
419;#per1;#org2;Jesús;fariseos
420;#per1;#org5;Jesús;escribas
421;#per1;#org2;Jesús;fariseos
422;#per1;#org5;Jesús;escribas
423;#per1;#org2;Jesús;fariseos
424;#per1;#org5;Jesús;escribas
425;#per1;#org2;Jesús;fariseos
426;#per1;#org5;Jesús;escribas
427;#per1;#per0;Jesús;persona no definida
428;#per1;#per0;Jesús;persona no definida
429;#per1;#per0;Jesús;persona no definida
430;#per1;#org0;Jesús;gente
431;#per1;#org0;Jesús;gente
432;#per1;#org0;Jesús;gente
433;#per1;#org0;Jesús;gente
434;#per1;#org0;Jesús;gente
435;#per1;#org0;Jesús;gente
436;#per1;#org0;Jesús;gente
437;#per1;#org3;Jesús;discípulos
438;#per1;#org3;Jesús;discípulos
439;#per1;#org3;Jesús;discípulos
440;#per1;#org3;Jesús;discípulos
441;#per1;#org3;Jesús;discípulos
442;#per1;#org3;Jesús;discípulos
443;#per1;#org3;Jesús;discípulos
444;#per1;#org3;Jesús;discípulos
445;#per1;#org3;Jesús;discípulos
446;#per1;#org3;Jesús;discípulos
447;#per1;#org3;Jesús;discípulos
448;#per1;#org3;Jesús;discípulos
449;#per1;#org3;Jesús;discípulos
450;#per1;#org3;Jesús;discípulos
451;#per1;#org3;Jesús;discípulos
452;#per1;#org3;Jesús;discípulos
453;#per1;#org3;Jesús;discípulos
454;#per1;#org3;Jesús;discípulos
455;#per1;#org3;Jesús;discípulos
456;#per1;#org3;Jesús;discípulos
457;#per1;#org3;Jesús;discípulos
458;#per1;#org3;Jesús;discípulos
459;#per1;#org3;Jesús;discípulos
460;#per1;#org3;Jesús;discípulos
461;#per1;#org3;Jesús;discípulos
462;#per1;#org3;Jesús;discípulos
463;#per1;#org3;Jesús;discípulos
464;#per1;#org3;Jesús;discípulos
465;#per1;#org3;Jesús;discípulos
466;#per1;#org3;Jesús;discípulos
467;#per1;#org3;Jesús;discípulos
468;#per1;#org3;Jesús;discípulos
469;#per1;#org3;Jesús;discípulos
470;#per1;#org3;Jesús;discípulos
471;#per1;#org3;Jesús;discípulos
472;#per1;#org3;Jesús;discípulos
473;#per1;#org3;Jesús;discípulos
474;#per1;#org3;Jesús;discípulos
475;#per1;#org3;Jesús;discípulos
476;#per1;#org0;Jesús;gente
477;#per1;#org3;Jesús;discípulos
478;#per1;#org3;Jesús;discípulos
479;#per1;#org3;Jesús;discípulos
480;#per1;#per21;Jesús;Simón Pedro
481;#per1;#per21;Jesús;Simón Pedro
482;#per1;#org2;Jesús;fariseos
483;#per1;#org5;Jesús;escribas
484;#per1;#org2;Jesús;fariseos
485;#per1;#org5;Jesús;escribas
486;#per1;#org2;Jesús;fariseos
487;#per1;#org5;Jesús;escribas
488;#per1;#org2;Jesús;fariseos
489;#per1;#org5;Jesús;escribas
490;#per1;#org2;Jesús;fariseos
491;#per1;#org5;Jesús;escribas
492;#per1;#org2;Jesús;fariseos
493;#per1;#org5;Jesús;escribas
494;#per1;#org2;Jesús;fariseos
495;#per1;#org5;Jesús;escribas
496;#per1;#org0;Jesús;gente
497;#per1;#org0;Jesús;gente
498;#per1;#org3;Jesús;discípulos
499;#per1;#org3;Jesús;discípulos
500;#per1;#org3;Jesús;discípulos
501;#per1;#org3;Jesús;discípulos
502;#per1;#org3;Jesús;discípulos
503;#per1;#org3;Jesús;discípulos
504;#per1;#org3;Jesús;discípulos
505;#per1;#org3;Jesús;discípulos
506;#per1;#per0;Jesús;persona no definida
507;#per1;#per0;Jesús;persona no definida
508;#per1;#org3;Jesús;discípulos
509;#per1;#org3;Jesús;discípulos
510;#per1;#per1;Jesús;Jesús
511;#per1;#org2;Jesús;fariseos
512;#per1;#org7;Jesús;saduceos
513;#per1;#org2;Jesús;fariseos
514;#per1;#org7;Jesús;saduceos
515;#per1;#org2;Jesús;fariseos
516;#per1;#org7;Jesús;saduceos
517;#per1;#org3;Jesús;discípulos
518;#per1;#org3;Jesús;discípulos
519;#per1;#org3;Jesús;discípulos
520;#per1;#org3;Jesús;discípulos
521;#per1;#org3;Jesús;discípulos
522;#per1;#org3;Jesús;discípulos
523;#per1;#org3;Jesús;discípulos
524;#per1;#per21;Jesús;Simón Pedro
525;#per1;#per21;Jesús;Simón Pedro
526;#per1;#per21;Jesús;Simón Pedro
527;#per1;#per21;Jesús;Simón Pedro
528;#per1;#org3;Jesús;discípulos
529;#per1;#org3;Jesús;discípulos
530;#per1;#org3;Jesús;discípulos
531;#per1;#org3;Jesús;discípulos
532;#per1;#org3;Jesús;discípulos
533;#per1;#per21;Jesús;Simón Pedro
534;#per1;#per4;Jesús;Jacob
535;#per1;#per25;Jesús;Juan
536;#per1;#per21;Jesús;Simón Pedro
537;#per1;#per4;Jesús;Jacob
538;#per1;#per25;Jesús;Juan
539;#per1;#org3;Jesús;discípulos
540;#per1;#org3;Jesús;discípulos
541;#per1;#org0;Jesús;gente
542;#per1;#org3;Jesús;discípulos
543;#per1;#org3;Jesús;discípulos
544;#per1;#org3;Jesús;discípulos
545;#per1;#org3;Jesús;discípulos
546;#per1;#per21;Jesús;Simón Pedro
547;#per1;#per21;Jesús;Simón Pedro
548;#per1;#per21;Jesús;Simón Pedro
549;#per1;#org3;Jesús;discípulos
550;#per1;#org3;Jesús;discípulos
551;#per1;#org3;Jesús;discípulos
552;#per1;#org3;Jesús;discípulos
553;#per1;#org3;Jesús;discípulos
554;#per1;#org3;Jesús;discípulos
555;#per1;#org3;Jesús;discípulos
556;#per1;#org3;Jesús;discípulos
557;#per1;#org3;Jesús;discípulos
558;#per1;#org3;Jesús;discípulos
559;#per1;#org3;Jesús;discípulos
560;#per1;#org3;Jesús;discípulos
561;#per1;#org3;Jesús;discípulos
562;#per1;#org3;Jesús;discípulos
563;#per1;#org3;Jesús;discípulos
564;#per1;#org3;Jesús;discípulos
565;#per1;#org3;Jesús;discípulos
566;#per1;#org3;Jesús;discípulos
567;#per1;#per21;Jesús;Simón Pedro
568;#per1;#org3;Jesús;discípulos
569;#per1;#org3;Jesús;discípulos
570;#per1;#org3;Jesús;discípulos
571;#per1;#org3;Jesús;discípulos
572;#per1;#org3;Jesús;discípulos
573;#per1;#org3;Jesús;discípulos
574;#per1;#org3;Jesús;discípulos
575;#per1;#org3;Jesús;discípulos
576;#per1;#org3;Jesús;discípulos
577;#per1;#org3;Jesús;discípulos
578;#per1;#org3;Jesús;discípulos
579;#per1;#org3;Jesús;discípulos
580;#per1;#org3;Jesús;discípulos
581;#per1;#org3;Jesús;discípulos
582;#per1;#org2;Jesús;fariseos
583;#per1;#org2;Jesús;fariseos
584;#per1;#org2;Jesús;fariseos
585;#per1;#org2;Jesús;fariseos
586;#per1;#org2;Jesús;fariseos
587;#per1;#org3;Jesús;discípulos
588;#per1;#org3;Jesús;discípulos
589;#per1;#org3;Jesús;discípulos
590;#per1;#per0;Jesús;persona no definida
591;#per1;#per0;Jesús;persona no definida
592;#per1;#per0;Jesús;persona no definida
593;#per1;#per0;Jesús;persona no definida
594;#per1;#org3;Jesús;discípulos
595;#per1;#org3;Jesús;discípulos
596;#per1;#org3;Jesús;discípulos
597;#per1;#per21;Jesús;Simón Pedro
598;#per1;#org3;Jesús;discípulos
599;#per1;#per21;Jesús;Simón Pedro
600;#per1;#org3;Jesús;discípulos
601;#per1;#per21;Jesús;Simón Pedro
602;#per1;#org3;Jesús;discípulos
603;#per1;#org3;Jesús;discípulos
604;#per1;#org3;Jesús;discípulos
605;#per1;#org3;Jesús;discípulos
606;#per1;#org3;Jesús;discípulos
607;#per1;#org3;Jesús;discípulos
608;#per1;#org3;Jesús;discípulos
609;#per1;#org3;Jesús;discípulos
610;#per1;#org3;Jesús;discípulos
611;#per1;#org3;Jesús;discípulos
612;#per1;#org3;Jesús;discípulos
613;#per1;#org3;Jesús;discípulos
614;#per1;#org3;Jesús;discípulos
615;#per1;#org3;Jesús;discípulos
616;#per1;#org3;Jesús;discípulos
617;#per1;#org3;Jesús;discípulos
618;#per1;#org3;Jesús;discípulos
619;#per1;#org3;Jesús;discípulos
620;#per1;#org3;Jesús;discípulos
621;#per1;#per41;Jesús;madre de hijos de Zebedeo
622;#per1;#per41;Jesús;madre de hijos de Zebedeo
623;#per1;#per23;Jesús;Jacobo
624;#per1;#per25;Jesús;Juan
625;#per1;#per23;Jesús;Jacobo
626;#per1;#per25;Jesús;Juan
627;#per1;#org3;Jesús;discípulos
628;#per1;#org3;Jesús;discípulos
629;#per1;#org3;Jesús;discípulos
630;#per1;#org3;Jesús;discípulos
631;#per1;#org15;Jesús;enfermos
632;#per1;#org3;Jesús;discípulos
633;#per1;#org3;Jesús;discípulos
634;#per1;#org0;Jesús;gente
635;#per1;#org12;Jesús;sacerdotes
636;#per1;#org5;Jesús;escribas
637;#per1;#per0;Jesús;persona no definida
638;#per1;#org3;Jesús;discípulos
639;#per1;#org3;Jesús;discípulos
640;#per1;#org12;Jesús;sacerdotes
641;#per1;#org25;Jesús;ancianos
642;#per1;#org12;Jesús;sacerdotes
643;#per1;#org25;Jesús;ancianos
644;#per1;#org12;Jesús;sacerdotes
645;#per1;#org12;Jesús;sacerdotes
646;#per1;#org25;Jesús;ancianos
647;#per1;#org12;Jesús;sacerdotes
648;#per1;#org25;Jesús;ancianos
649;#per1;#org12;Jesús;sacerdotes
650;#per1;#org25;Jesús;ancianos
651;#per1;#org12;Jesús;sacerdotes
652;#per1;#org12;Jesús;sacerdotes
653;#per1;#org25;Jesús;ancianos
654;#per1;#org12;Jesús;sacerdotes
655;#per1;#org25;Jesús;ancianos
656;#per1;#org12;Jesús;sacerdotes
657;#per1;#org25;Jesús;ancianos
658;#per1;#org12;Jesús;sacerdotes
659;#per1;#org25;Jesús;ancianos
660;#per1;#org12;Jesús;sacerdotes
661;#per1;#org25;Jesús;ancianos
662;#per1;#org12;Jesús;sacerdotes
663;#per1;#org25;Jesús;ancianos
664;#per1;#org12;Jesús;sacerdotes
665;#per1;#org25;Jesús;ancianos
666;#per1;#org12;Jesús;sacerdotes
667;#per1;#org25;Jesús;ancianos
668;#per1;#org12;Jesús;sacerdotes
669;#per1;#org25;Jesús;ancianos
670;#per1;#org12;Jesús;sacerdotes
671;#per1;#org25;Jesús;ancianos
672;#per1;#org12;Jesús;sacerdotes
673;#per1;#org25;Jesús;ancianos
674;#per1;#org12;Jesús;sacerdotes
675;#per1;#org25;Jesús;ancianos
676;#per1;#org12;Jesús;sacerdotes
677;#per1;#org25;Jesús;ancianos
678;#per1;#org12;Jesús;sacerdotes
679;#per1;#org25;Jesús;ancianos
680;#per1;#org0;Jesús;gente
681;#per1;#org0;Jesús;gente
682;#per1;#org0;Jesús;gente
683;#per1;#org0;Jesús;gente
684;#per1;#org0;Jesús;gente
685;#per1;#org0;Jesús;gente
686;#per1;#org0;Jesús;gente
687;#per1;#org0;Jesús;gente
688;#per1;#org0;Jesús;gente
689;#per1;#org0;Jesús;gente
690;#per1;#org0;Jesús;gente
691;#per1;#org0;Jesús;gente
692;#per1;#org0;Jesús;gente
693;#per1;#org2;Jesús;fariseos
694;#per1;#org9;Jesús;herodianos
695;#per1;#org2;Jesús;fariseos
696;#per1;#org9;Jesús;herodianos
697;#per1;#org2;Jesús;fariseos
698;#per1;#org9;Jesús;herodianos
699;#per1;#org2;Jesús;fariseos
700;#per1;#org9;Jesús;herodianos
701;#per1;#org7;Jesús;saduceos
702;#per1;#org7;Jesús;saduceos
703;#per1;#org7;Jesús;saduceos
704;#per1;#org7;Jesús;saduceos
705;#per1;#org2;Jesús;fariseos
706;#per1;#org2;Jesús;fariseos
707;#per1;#org2;Jesús;fariseos
708;#per1;#org2;Jesús;fariseos
709;#per1;#org2;Jesús;fariseos
710;#per1;#org2;Jesús;fariseos
711;#per1;#org2;Jesús;fariseos
712;#per1;#org2;Jesús;fariseos
713;#per1;#org0;Jesús;gente
714;#per1;#org3;Jesús;discípulos
715;#per1;#org0;Jesús;gente
716;#per1;#org3;Jesús;discípulos
717;#per1;#org0;Jesús;gente
718;#per1;#org3;Jesús;discípulos
719;#per1;#org0;Jesús;gente
720;#per1;#org3;Jesús;discípulos
721;#per1;#org0;Jesús;gente
722;#per1;#org3;Jesús;discípulos
723;#per1;#org0;Jesús;gente
724;#per1;#org3;Jesús;discípulos
725;#per1;#org0;Jesús;gente
726;#per1;#org3;Jesús;discípulos
727;#per1;#org0;Jesús;gente
728;#per1;#org3;Jesús;discípulos
729;#per1;#org0;Jesús;gente
730;#per1;#org3;Jesús;discípulos
731;#per1;#org0;Jesús;gente
732;#per1;#org3;Jesús;discípulos
733;#per1;#org0;Jesús;gente
734;#per1;#org3;Jesús;discípulos
735;#per1;#org0;Jesús;gente
736;#per1;#org3;Jesús;discípulos
737;#per1;#org0;Jesús;gente
738;#per1;#org3;Jesús;discípulos
739;#per1;#org0;Jesús;gente
740;#per1;#org3;Jesús;discípulos
741;#per1;#org0;Jesús;gente
742;#per1;#org3;Jesús;discípulos
743;#per1;#org0;Jesús;gente
744;#per1;#org3;Jesús;discípulos
745;#per1;#org0;Jesús;gente
746;#per1;#org3;Jesús;discípulos
747;#per1;#org0;Jesús;gente
748;#per1;#org3;Jesús;discípulos
749;#per1;#org0;Jesús;gente
750;#per1;#org3;Jesús;discípulos
751;#per1;#org0;Jesús;gente
752;#per1;#org3;Jesús;discípulos
753;#per1;#org0;Jesús;gente
754;#per1;#org3;Jesús;discípulos
755;#per1;#org0;Jesús;gente
756;#per1;#org3;Jesús;discípulos
757;#per1;#org0;Jesús;gente
758;#per1;#org3;Jesús;discípulos
759;#per1;#org0;Jesús;gente
760;#per1;#org3;Jesús;discípulos
761;#per1;#org0;Jesús;gente
762;#per1;#org3;Jesús;discípulos
763;#per1;#org0;Jesús;gente
764;#per1;#org3;Jesús;discípulos
765;#per1;#org0;Jesús;gente
766;#per1;#org3;Jesús;discípulos
767;#per1;#org0;Jesús;gente
768;#per1;#org3;Jesús;discípulos
769;#per1;#org0;Jesús;gente
770;#per1;#org3;Jesús;discípulos
771;#per1;#org0;Jesús;gente
772;#per1;#org3;Jesús;discípulos
773;#per1;#org0;Jesús;gente
774;#per1;#org3;Jesús;discípulos
775;#per1;#org0;Jesús;gente
776;#per1;#org3;Jesús;discípulos
777;#per1;#org0;Jesús;gente
778;#per1;#org3;Jesús;discípulos
779;#per1;#org0;Jesús;gente
780;#per1;#org3;Jesús;discípulos
781;#per1;#org0;Jesús;gente
782;#per1;#org3;Jesús;discípulos
783;#per1;#org0;Jesús;gente
784;#per1;#org3;Jesús;discípulos
785;#per1;#org0;Jesús;gente
786;#per1;#org3;Jesús;discípulos
787;#per1;#org0;Jesús;gente
788;#per1;#org3;Jesús;discípulos
789;#per1;#org3;Jesús;discípulos
790;#per1;#org3;Jesús;discípulos
791;#per1;#org3;Jesús;discípulos
792;#per1;#org3;Jesús;discípulos
793;#per1;#org3;Jesús;discípulos
794;#per1;#org3;Jesús;discípulos
795;#per1;#org3;Jesús;discípulos
796;#per1;#org3;Jesús;discípulos
797;#per1;#org3;Jesús;discípulos
798;#per1;#org3;Jesús;discípulos
799;#per1;#org3;Jesús;discípulos
800;#per1;#org3;Jesús;discípulos
801;#per1;#org3;Jesús;discípulos
802;#per1;#org3;Jesús;discípulos
803;#per1;#org3;Jesús;discípulos
804;#per1;#org3;Jesús;discípulos
805;#per1;#org3;Jesús;discípulos
806;#per1;#org3;Jesús;discípulos
807;#per1;#org3;Jesús;discípulos
808;#per1;#org3;Jesús;discípulos
809;#per1;#org3;Jesús;discípulos
810;#per1;#org3;Jesús;discípulos
811;#per1;#org3;Jesús;discípulos
812;#per1;#org3;Jesús;discípulos
813;#per1;#org3;Jesús;discípulos
814;#per1;#org3;Jesús;discípulos
815;#per1;#org3;Jesús;discípulos
816;#per1;#org3;Jesús;discípulos
817;#per1;#org3;Jesús;discípulos
818;#per1;#org3;Jesús;discípulos
819;#per1;#org3;Jesús;discípulos
820;#per1;#org3;Jesús;discípulos
821;#per1;#org3;Jesús;discípulos
822;#per1;#org3;Jesús;discípulos
823;#per1;#org3;Jesús;discípulos
824;#per1;#org3;Jesús;discípulos
825;#per1;#org3;Jesús;discípulos
826;#per1;#org3;Jesús;discípulos
827;#per1;#org3;Jesús;discípulos
828;#per1;#org3;Jesús;discípulos
829;#per1;#org3;Jesús;discípulos
830;#per1;#org3;Jesús;discípulos
831;#per1;#org3;Jesús;discípulos
832;#per1;#org3;Jesús;discípulos
833;#per1;#org3;Jesús;discípulos
834;#per1;#org3;Jesús;discípulos
835;#per1;#org3;Jesús;discípulos
836;#per1;#org3;Jesús;discípulos
837;#per1;#org3;Jesús;discípulos
838;#per1;#org3;Jesús;discípulos
839;#per1;#org3;Jesús;discípulos
840;#per1;#org3;Jesús;discípulos
841;#per1;#org3;Jesús;discípulos
842;#per1;#org3;Jesús;discípulos
843;#per1;#org3;Jesús;discípulos
844;#per1;#org3;Jesús;discípulos
845;#per1;#org3;Jesús;discípulos
846;#per1;#org3;Jesús;discípulos
847;#per1;#org3;Jesús;discípulos
848;#per1;#org3;Jesús;discípulos
849;#per1;#org3;Jesús;discípulos
850;#per1;#org3;Jesús;discípulos
851;#per1;#org3;Jesús;discípulos
852;#per1;#org3;Jesús;discípulos
853;#per1;#org3;Jesús;discípulos
854;#per1;#org3;Jesús;discípulos
855;#per1;#org3;Jesús;discípulos
856;#per1;#org3;Jesús;discípulos
857;#per1;#org3;Jesús;discípulos
858;#per1;#org3;Jesús;discípulos
859;#per1;#org3;Jesús;discípulos
860;#per1;#org3;Jesús;discípulos
861;#per1;#org3;Jesús;discípulos
862;#per1;#org3;Jesús;discípulos
863;#per1;#org3;Jesús;discípulos
864;#per1;#org3;Jesús;discípulos
865;#per1;#org3;Jesús;discípulos
866;#per1;#org3;Jesús;discípulos
867;#per1;#org3;Jesús;discípulos
868;#per1;#org3;Jesús;discípulos
869;#per1;#org3;Jesús;discípulos
870;#per1;#org3;Jesús;discípulos
871;#per1;#org3;Jesús;discípulos
872;#per1;#org18;Jesús;creyentes
873;#per1;#org3;Jesús;discípulos
874;#per1;#org3;Jesús;discípulos
875;#per1;#org3;Jesús;discípulos
876;#per1;#org3;Jesús;discípulos
877;#per1;#org3;Jesús;discípulos
878;#per1;#org3;Jesús;discípulos
879;#per1;#org18;Jesús;creyentes
880;#per1;#org3;Jesús;discípulos
881;#per1;#org18;Jesús;creyentes
882;#per1;#org3;Jesús;discípulos
883;#per1;#org18;Jesús;creyentes
884;#per1;#org3;Jesús;discípulos
885;#per1;#org18;Jesús;creyentes
886;#per1;#org3;Jesús;discípulos
887;#per1;#org3;Jesús;discípulos
888;#per1;#org19;Jesús;no creyentes
889;#per1;#org3;Jesús;discípulos
890;#per1;#org3;Jesús;discípulos
891;#per1;#org3;Jesús;discípulos
892;#per1;#per58;Jesús;María Magdalena
893;#per1;#org3;Jesús;discípulos
894;#per1;#per58;Jesús;María Magdalena
895;#per1;#org3;Jesús;discípulos
896;#per1;#per58;Jesús;María Magdalena
897;#per1;#org3;Jesús;discípulos
898;#per1;#per58;Jesús;María Magdalena
899;#per1;#org3;Jesús;discípulos
900;#per1;#org3;Jesús;discípulos
901;#per1;#org3;Jesús;discípulos
902;#per1;#org3;Jesús;discípulos
903;#per1;#per34;Jesús;Judas Iscariote
904;#per1;#org3;Jesús;discípulos
905;#per1;#org3;Jesús;discípulos
906;#per1;#org3;Jesús;discípulos
907;#per1;#org3;Jesús;discípulos
908;#per1;#org3;Jesús;discípulos
909;#per1;#per21;Jesús;Simón Pedro
910;#per1;#org3;Jesús;discípulos
911;#per1;#per21;Jesús;Simón Pedro
912;#per1;#per22;Jesús;Andrés
913;#per1;#per23;Jesús;Jacobo
914;#per1;#per14;Jesús;Dios
915;#per1;#per21;Jesús;Simón Pedro
916;#per1;#per22;Jesús;Andrés
917;#per1;#per23;Jesús;Jacobo
918;#per1;#per21;Jesús;Simón Pedro
919;#per1;#per22;Jesús;Andrés
920;#per1;#per23;Jesús;Jacobo
921;#per1;#per14;Jesús;Dios
922;#per1;#per21;Jesús;Simón Pedro
923;#per1;#per22;Jesús;Andrés
924;#per1;#per23;Jesús;Jacobo
925;#per1;#per21;Jesús;Simón Pedro
926;#per1;#per22;Jesús;Andrés
927;#per1;#per23;Jesús;Jacobo
928;#per1;#per34;Jesús;Judas Iscariote
929;#per1;#per21;Jesús;Simón Pedro
930;#per1;#per21;Jesús;Simón Pedro
931;#per1;#per21;Jesús;Simón Pedro
932;#per1;#org0;Jesús;gente
933;#per1;#org0;Jesús;gente
934;#per1;#org0;Jesús;gente
935;#per1;#per48;Jesús;Caifás
936;#per1;#per21;Jesús;Simón Pedro
937;#per1;#per50;Jesús;Pilato
938;#per1;#org0;Jesús;gente
939;#per1;#per14;Jesús;Dios
940;#per1;#per14;Jesús;Dios
941;#per1;#per58;Jesús;María Magdalena
942;#per1;#per59;Jesús;María
943;#per1;#per58;Jesús;María Magdalena
944;#per1;#per59;Jesús;María
945;#per1;#org3;Jesús;discípulos
946;#per1;#org3;Jesús;discípulos
947;#per1;#org3;Jesús;discípulos
948;#per14;#org0;Dios;gente
949;#per14;#org0;Dios;gente
950;#per14;#org18;Dios;creyentes
951;#per14;#org18;Dios;creyentes
952;#per20;#per1;diablo;Jesús
953;#per20;#per1;diablo;Jesús
954;#per20;#per1;diablo;Jesús
955;#org15;#per1;enfermos;Jesús
956;#org15;#per1;enfermos;Jesús
957;#org15;#per1;enfermos;Jesús
958;#org15;#per1;enfermos;Jesús
959;#per57;#per1;Centurión;Jesús
960;#per57;#per1;Centurión;Jesús
961;#per57;#per0;Centurión;persona no definida
962;#org3;#per1;discípulos;Jesús
963;#org3;#per1;discípulos;Jesús
964;#org3;#per1;discípulos;Jesús
965;#org3;#per1;discípulos;Jesús
966;#org3;#org0;discípulos;gente
967;#org3;#per1;discípulos;Jesús
968;#org3;#per1;discípulos;Jesús
969;#org3;#per1;discípulos;Jesús
970;#org3;#per1;discípulos;Jesús
971;#org3;#org0;discípulos;gente
972;#org3;#per1;discípulos;Jesús
973;#org3;#per1;discípulos;Jesús
974;#org3;#per1;discípulos;Jesús
975;#org3;#per1;discípulos;Jesús
976;#org3;#org3;discípulos;discípulos
977;#org3;#per1;discípulos;Jesús
978;#org3;#per1;discípulos;Jesús
979;#org3;#per1;discípulos;Jesús
980;#org3;#per1;discípulos;Jesús
981;#org3;#per1;discípulos;Jesús
982;#org3;#per1;discípulos;Jesús
983;#org3;#per1;discípulos;Jesús
984;#org3;#per1;discípulos;Jesús
985;#org3;#per58;discípulos;María Magdalena
986;#org3;#per58;discípulos;María Magdalena
987;#org3;#per1;discípulos;Jesús
988;#org3;#per1;discípulos;Jesús
989;#org3;#org0;discípulos;gente
990;#org6;#per1;demonio;Jesús
991;#org6;#per1;demonio;Jesús
992;#per0;#per1;persona no definida;Jesús
993;#per0;#per1;persona no definida;Jesús
994;#per0;#per0;persona no definida;persona no definida
995;#per0;#org0;persona no definida;gente
996;#per0;#per0;persona no definida;persona no definida
997;#per0;#org0;persona no definida;gente
998;#per0;#org0;persona no definida;gente
999;#per0;#per1;persona no definida;Jesús
1000;#per0;#per1;persona no definida;Jesús
1001;#per0;#per1;persona no definida;Jesús
1002;#per0;#per1;persona no definida;Jesús
1003;#per0;#per1;persona no definida;Jesús
1004;#per0;#per0;persona no definida;persona no definida
1005;#per0;#per0;persona no definida;persona no definida
1006;#per0;#per0;persona no definida;persona no definida
1007;#per0;#per0;persona no definida;persona no definida
1008;#per0;#per0;persona no definida;persona no definida
1009;#per0;#per1;persona no definida;Jesús
1010;#per0;#per1;persona no definida;Jesús
1011;#per0;#per1;persona no definida;Jesús
1012;#per0;#org0;persona no definida;gente
1013;#per0;#org0;persona no definida;gente
1014;#per0;#per0;persona no definida;persona no definida
1015;#per0;#org0;persona no definida;gente
1016;#per0;#per0;persona no definida;persona no definida
1017;#per0;#per0;persona no definida;persona no definida
1018;#per0;#per0;persona no definida;persona no definida
1019;#per0;#per0;persona no definida;persona no definida
1020;#per0;#per0;persona no definida;persona no definida
1021;#per0;#per0;persona no definida;persona no definida
1022;#per0;#per0;persona no definida;persona no definida
1023;#per0;#per0;persona no definida;persona no definida
1024;#per0;#per0;persona no definida;persona no definida
1025;#per0;#org0;persona no definida;gente
1026;#per0;#org0;persona no definida;gente
1027;#per0;#org0;persona no definida;gente
1028;#per0;#org0;persona no definida;gente
1029;#per0;#per0;persona no definida;persona no definida
1030;#per0;#org0;persona no definida;gente
1031;#per0;#org0;persona no definida;gente
1032;#per0;#org0;persona no definida;gente
1033;#per0;#per0;persona no definida;persona no definida
1034;#per0;#per0;persona no definida;persona no definida
1035;#per0;#per0;persona no definida;persona no definida
1036;#per0;#per0;persona no definida;persona no definida
1037;#per0;#per0;persona no definida;persona no definida
1038;#per0;#per0;persona no definida;persona no definida
1039;#per0;#per0;persona no definida;persona no definida
1040;#per0;#per0;persona no definida;persona no definida
1041;#per0;#per0;persona no definida;persona no definida
1042;#per0;#per0;persona no definida;persona no definida
1043;#per0;#per0;persona no definida;persona no definida
1044;#per0;#per21;persona no definida;Simón Pedro
1045;#per0;#per21;persona no definida;Simón Pedro
1046;#per0;#per21;persona no definida;Simón Pedro
1047;#org0;#org0;gente;gente
1048;#org0;#org0;gente;gente
1049;#org0;#org0;gente;gente
1050;#org0;#org0;gente;gente
1051;#org0;#org0;gente;gente
1052;#org0;#per21;gente;Simón Pedro
1053;#org0;#per1;gente;Jesús
1054;#org0;#per1;gente;Jesús
1055;#org0;#org0;gente;gente
1056;#org0;#org0;gente;gente
1057;#org0;#org0;gente;gente
1058;#org0;#org0;gente;gente
1059;#org0;#org0;gente;gente
1060;#org0;#org0;gente;gente
1061;#org0;#org12;gente;sacerdotes
1062;#org0;#org25;gente;ancianos
1063;#org0;#org1;gente;Sanedrín
1064;#org0;#per1;gente;Jesús
1065;#org0;#org0;gente;gente
1066;#org0;#org0;gente;gente
1067;#org27;#per1;discípulos;Jesús
1068;#per3;#per1;Isaac;Jesús
1069;#per25;#per10;Juan;Herodes
1070;#per25;#per1;Juan;Jesús
1071;#per38;#per10;hija de Herodias;Herodes
1072;#per21;#per1;Simón Pedro;Jesús
1073;#per21;#per1;Simón Pedro;Jesús
1074;#per21;#per1;Simón Pedro;Jesús
1075;#per21;#per1;Simón Pedro;Jesús
1076;#per21;#per1;Simón Pedro;Jesús
1077;#per21;#per1;Simón Pedro;Jesús
1078;#per21;#org0;Simón Pedro;gente
1079;#per21;#per1;Simón Pedro;Jesús
1080;#per21;#per1;Simón Pedro;Jesús
1081;#per21;#per1;Simón Pedro;Jesús
1082;#per21;#per1;Simón Pedro;Jesús
1083;#per21;#per1;Simón Pedro;Jesús
1084;#per21;#org0;Simón Pedro;gente
1085;#per21;#org0;Simón Pedro;gente
1086;#per21;#org0;Simón Pedro;gente
1087;#per41;#per1;madre de hijos de Zebedeo;Jesús
1088;#per23;#per1;Jacobo;Jesús
1089;#pla3;#org0;Jerusalén;gente
1090;#pla3;#org0;Jerusalén;gente
1091;#org12;#per1;sacerdotes;Jesús
1092;#org12;#per1;sacerdotes;Jesús
1093;#org12;#org12;sacerdotes;sacerdotes
1094;#org12;#org25;sacerdotes;ancianos
1095;#org12;#org12;sacerdotes;sacerdotes
1096;#org12;#org25;sacerdotes;ancianos
1097;#org12;#per1;sacerdotes;Jesús
1098;#org12;#per1;sacerdotes;Jesús
1099;#org12;#per1;sacerdotes;Jesús
1100;#org12;#org12;sacerdotes;sacerdotes
1101;#org12;#org15;sacerdotes;enfermos
1102;#org12;#per34;sacerdotes;Judas Iscariote
1103;#org12;#org12;sacerdotes;sacerdotes
1104;#org12;#org0;sacerdotes;gente
1105;#org12;#org0;sacerdotes;gente
1106;#org12;#per50;sacerdotes;Pilato
1107;#org12;#per50;sacerdotes;Pilato
1108;#org12;#org24;sacerdotes;soldados
1109;#org12;#org24;sacerdotes;soldados
1110;#org25;#per1;ancianos;Jesús
1111;#org25;#org12;ancianos;sacerdotes
1112;#org25;#org25;ancianos;ancianos
1113;#org25;#org12;ancianos;sacerdotes
1114;#org25;#org25;ancianos;ancianos
1115;#org25;#per1;ancianos;Jesús
1116;#org25;#per1;ancianos;Jesús
1117;#org25;#per1;ancianos;Jesús
1118;#org25;#org12;ancianos;sacerdotes
1119;#org25;#org15;ancianos;enfermos
1120;#org25;#per34;ancianos;Judas Iscariote
1121;#org25;#org0;ancianos;gente
1122;#org25;#org0;ancianos;gente
1123;#org25;#org24;ancianos;soldados
1124;#org25;#org24;ancianos;soldados
1125;#org9;#per1;herodianos;Jesús
1126;#org9;#per1;herodianos;Jesús
1127;#org9;#per1;herodianos;Jesús
1128;#org18;#per1;creyentes;Jesús
1129;#org18;#per1;creyentes;Jesús
1130;#org18;#per1;creyentes;Jesús
1131;#org19;#per1;no creyentes;Jesús
1132;#per34;#org12;Judas Iscariote;sacerdotes
1133;#per34;#per1;Judas Iscariote;Jesús
1134;#per34;#org12;Judas Iscariote;sacerdotes
1135;#per34;#org25;Judas Iscariote;ancianos
1136;#per34;#per1;Judas Iscariote;Jesús
1137;#per34;#org12;Judas Iscariote;sacerdotes
1138;#per34;#org25;Judas Iscariote;ancianos
1139;#per48;#per1;Caifás;Jesús
1140;#per48;#per1;Caifás;Jesús
1141;#per48;#per1;Caifás;Jesús
1142;#per48;#per1;Caifás;Jesús
1143;#org1;#per48;Sanedrín;Caifás
1144;#org1;#per1;Sanedrín;Jesús
1145;#per50;#per1;Pilato;Jesús
1146;#per50;#per1;Pilato;Jesús
1147;#per50;#org13;Pilato;judíos
1148;#per50;#org13;Pilato;judíos
1149;#per50;#org13;Pilato;judíos
1150;#per50;#org13;Pilato;judíos
1151;#per50;#org13;Pilato;judíos
1152;#per50;#org2;Pilato;fariseos
1153;#per50;#org12;Pilato;sacerdotes
1154;#per52;#per50;esposa;Pilato
1155;#org13;#per50;judíos;Pilato
1156;#org13;#per50;judíos;Pilato
1157;#org13;#per50;judíos;Pilato
1158;#org13;#per50;judíos;Pilato
1159;#org24;#per1;soldados;Jesús
1160;#org24;#org0;soldados;gente
